Seq,ID,Gender,M,Recency,F,FirstPruch,ChildBks,YouthBks,CookBks,DoltYBks,RefBks,ArtBks,GeogBks,ItalCook,ItalAtlas,ItalArt,Florence,Rela_pruchace
1,25,1,297,14,2,22,0,1,1,0,0,0,0,0,0,0,0,0
2,29,0,128,8,2,10,0,0,0,0,0,0,0,0,0,0,0,0
3,46,1,138,22,7,56,2,1,2,0,1,0,1,1,0,0,0,2
4,47,1,228,2,1,2,0,0,0,0,0,0,0,0,0,0,0,0
5,51,1,257,10,1,10,0,0,0,0,0,0,0,0,0,0,0,0
6,60,1,145,6,2,12,0,0,0,0,0,0,0,0,0,0,0,0
7,61,1,190,16,1,16,0,0,0,0,0,0,1,0,0,0,0,1
8,79,1,187,14,1,14,1,0,0,0,0,0,0,0,0,0,0,0
9,81,1,252,10,1,10,0,0,0,0,0,0,0,0,0,0,0,0
10,90,1,240,6,3,20,0,0,1,0,0,0,0,0,0,0,0,0
11,95,1,275,2,4,20,0,0,1,0,0,0,0,0,0,0,0,0
12,100,0,320,2,3,18,0,0,0,0,0,1,0,0,0,0,1,1
13,103,1,268,4,1,4,0,0,0,0,0,0,0,0,0,0,1,0
14,112,0,135,14,1,14,1,0,0,0,0,0,0,0,0,0,0,0
15,116,1,213,4,2,10,0,0,0,0,0,0,0,0,0,0,0,0
16,121,1,256,14,9,58,2,0,3,0,1,1,2,1,1,1,0,6
17,125,1,226,14,6,28,2,1,2,0,0,1,0,1,0,0,0,2
18,126,0,81,22,1,22,0,0,1,0,0,0,0,0,0,0,0,0
19,127,1,330,10,10,38,0,0,2,2,1,1,0,0,0,0,0,1
20,145,1,393,12,11,50,3,0,2,0,0,2,3,0,0,0,1,5
21,164,1,213,2,1,2,0,0,0,0,0,0,0,0,0,0,0,0
22,169,1,243,10,1,10,0,0,0,0,0,0,0,0,0,0,0,0
23,193,1,63,4,1,4,0,0,0,0,0,0,0,0,0,0,0,0
24,201,1,57,2,1,2,0,0,0,0,0,0,0,0,0,0,0,0
25,202,0,260,34,11,74,0,2,3,5,0,1,0,0,0,0,0,1
26,208,1,32,26,2,32,1,0,0,0,0,0,1,0,0,0,0,1
27,214,0,177,24,1,24,0,0,0,0,0,1,0,0,0,0,0,1
28,224,1,33,12,1,12,0,0,0,0,0,0,0,0,0,0,0,0
29,225,1,172,16,1,16,0,0,0,0,1,0,0,0,0,0,0,0
30,256,1,133,32,2,36,1,0,1,0,0,0,0,1,0,0,0,1
31,257,1,194,28,2,30,1,0,1,0,0,0,0,1,0,0,0,1
32,263,0,32,14,1,14,0,0,0,0,0,1,0,0,0,0,0,1
33,265,1,352,12,11,66,4,1,3,1,0,1,0,2,0,1,0,4
34,266,1,319,12,8,32,2,1,1,1,0,0,1,0,0,0,0,1
35,267,1,242,10,5,32,0,0,2,0,1,1,0,0,0,0,0,1
36,275,1,78,6,2,10,0,0,0,0,0,0,0,0,0,0,0,0
37,277,1,223,16,7,44,2,1,1,1,0,2,0,1,0,1,0,4
38,282,1,285,14,11,52,2,0,3,4,0,1,1,1,0,0,0,3
39,288,0,312,36,10,58,2,2,2,1,1,1,1,1,1,1,0,5
40,330,0,211,6,11,44,3,2,2,0,0,2,1,2,0,1,0,6
41,333,1,280,30,2,34,0,1,1,0,0,0,0,1,0,0,0,1
42,340,1,320,28,3,38,0,0,2,0,0,1,0,0,0,0,0,1
43,345,1,234,4,2,10,0,0,0,0,0,0,0,0,0,0,0,0
44,347,1,105,8,7,40,1,1,1,0,2,0,1,0,0,0,0,1
45,353,0,317,10,3,28,0,0,0,0,0,1,1,0,0,0,0,2
46,354,0,49,22,3,32,0,0,1,1,0,1,0,0,0,0,0,1
47,356,0,189,16,9,68,1,0,1,3,1,1,2,0,0,0,0,3
48,391,1,143,14,9,38,2,2,1,1,1,2,0,0,0,0,0,2
49,397,1,254,8,2,12,0,0,0,0,0,0,0,0,0,0,0,0
50,401,1,355,16,5,28,1,0,2,0,1,1,0,0,0,0,0,1
51,405,0,43,24,2,26,1,0,0,0,0,1,0,0,0,0,0,1
52,409,1,233,30,8,54,0,1,2,2,0,2,1,0,0,0,0,3
53,411,1,210,2,3,20,0,1,0,0,0,0,1,0,0,0,0,1
54,436,0,310,22,5,32,1,1,0,1,0,2,0,0,0,0,0,2
55,438,1,378,10,7,50,0,1,1,1,0,2,1,0,0,0,0,3
56,439,0,305,6,9,40,2,1,1,1,0,2,1,0,0,0,0,3
57,440,1,458,10,12,44,1,0,3,1,1,2,0,2,1,1,1,6
58,444,1,235,14,1,14,0,0,0,0,0,1,0,0,0,0,0,1
59,450,1,148,22,3,30,1,0,2,0,0,0,0,0,0,0,0,0
60,453,1,154,10,7,46,0,1,0,1,0,1,3,0,0,0,1,4
61,477,0,123,12,2,16,1,0,0,0,0,0,0,0,0,0,1,0
62,480,1,118,8,2,10,0,0,0,0,0,0,0,0,0,0,0,0
63,484,1,329,12,8,36,0,1,0,0,1,0,1,0,0,0,0,1
64,505,1,350,4,5,16,0,0,2,0,0,0,0,1,0,0,0,1
65,506,1,235,14,1,14,0,0,1,0,0,0,0,0,0,0,0,0
66,553,1,126,16,8,48,2,1,1,2,0,0,2,1,0,0,0,3
67,557,0,274,34,2,40,1,0,0,1,0,0,0,0,0,0,0,0
68,560,1,299,12,3,26,0,0,0,0,0,0,2,0,0,0,0,2
69,565,0,294,10,3,20,0,1,0,0,1,0,0,0,0,0,0,0
70,567,1,135,16,8,60,3,1,0,1,0,2,1,0,0,2,0,5
71,579,0,230,10,2,14,1,0,0,0,0,0,0,0,0,0,0,0
72,582,1,140,2,1,2,0,0,0,0,0,0,0,0,0,0,1,0
73,585,1,307,24,9,46,3,2,0,2,2,0,0,0,0,0,0,0
74,592,1,201,8,1,8,0,0,0,0,0,0,0,0,0,0,0,0
75,594,1,193,16,2,20,1,0,0,0,0,1,0,0,0,0,0,1
76,609,1,112,36,1,36,0,0,1,0,0,0,0,0,0,0,0,0
77,612,0,277,14,1,14,0,0,1,0,0,0,0,0,0,0,0,0
78,619,1,49,10,2,14,0,0,0,1,0,0,0,0,0,0,0,0
79,625,1,149,6,3,18,0,0,0,0,1,0,0,0,0,0,0,0
80,633,1,294,24,2,30,0,0,1,0,1,0,0,0,0,0,0,0
81,644,1,302,6,5,20,0,0,1,0,0,1,0,0,0,0,0,1
82,649,1,138,22,1,22,1,0,0,0,0,0,0,0,0,0,0,0
83,650,1,195,12,2,16,0,0,0,0,1,0,0,0,0,0,0,0
84,658,1,101,16,2,22,0,0,2,0,0,0,0,0,0,0,0,0
85,687,0,178,26,8,56,1,1,2,0,0,2,2,1,0,1,0,6
86,706,1,128,10,2,16,1,0,0,0,0,0,0,0,0,0,0,0
87,708,0,277,30,11,78,2,0,1,1,2,2,3,0,0,0,1,5
88,712,1,306,10,2,16,0,0,0,0,0,1,0,0,0,0,0,1
89,721,1,292,32,2,40,0,0,0,1,0,1,0,0,0,1,0,2
90,723,1,215,2,8,36,0,0,0,0,1,3,2,0,0,0,1,5
91,743,1,240,20,1,20,1,0,0,0,0,0,0,0,0,0,0,0
92,759,0,208,4,1,4,0,0,0,0,0,0,0,0,0,0,0,0
93,761,1,141,10,1,10,0,0,0,0,0,0,0,0,0,0,0,0
94,764,0,253,2,1,2,0,0,0,0,0,0,0,0,0,0,0,0
95,775,1,258,14,5,36,0,0,4,0,1,0,0,0,0,0,0,0
96,795,1,453,14,12,82,1,1,3,1,3,0,3,1,1,0,0,5
97,800,1,240,12,1,12,0,0,0,0,0,0,0,0,0,0,0,0
98,803,0,187,10,7,30,0,1,1,0,0,1,2,0,0,0,1,3
99,808,0,271,10,2,18,1,0,0,0,0,0,0,0,0,0,0,0
100,844,1,288,22,1,22,0,0,1,0,0,0,0,0,0,0,0,0
101,850,0,194,12,10,62,3,1,2,1,1,0,1,0,0,0,0,1
102,874,1,274,14,11,68,4,1,2,1,0,1,2,2,0,1,0,6
103,876,0,176,6,7,20,2,1,1,0,0,0,0,1,0,0,0,1
104,883,1,182,4,10,34,2,2,0,1,0,0,1,0,0,0,0,1
105,903,0,64,6,2,8,0,0,0,0,0,0,0,0,0,0,0,0
106,910,0,95,2,1,2,0,0,0,0,0,0,0,0,0,0,0,0
107,915,1,308,16,1,16,0,0,1,0,0,0,0,0,0,0,0,0
108,931,1,166,16,1,16,0,0,1,0,0,0,0,0,0,0,0,0
109,940,1,224,28,2,32,0,0,0,1,0,1,0,0,0,1,0,2
110,942,0,123,14,4,32,1,0,1,0,0,1,0,0,0,0,0,1
111,950,1,75,14,1,14,0,1,0,0,0,0,0,0,0,0,0,0
112,954,1,137,16,1,16,0,0,0,0,1,0,0,0,0,0,0,0
113,966,1,266,2,6,30,1,1,0,0,0,1,1,0,0,0,0,2
114,985,1,258,12,1,12,0,0,0,0,0,0,0,0,0,0,0,0
115,999,1,419,14,8,48,1,1,4,1,0,0,1,0,0,0,0,1
116,1002,0,196,2,2,6,0,0,0,0,0,0,0,0,0,0,0,0
117,1010,1,31,6,1,6,0,0,0,0,0,0,0,0,0,0,0,0
118,1011,1,284,10,1,10,0,0,0,0,0,0,0,0,0,0,0,0
119,1012,1,268,14,2,18,1,0,0,0,0,1,0,0,0,0,0,1
120,1048,1,189,12,1,12,0,0,0,0,0,0,0,0,0,0,0,0
121,1054,0,74,32,2,36,0,0,1,0,0,0,1,0,0,0,0,1
122,1075,1,145,16,2,22,1,1,0,0,0,0,0,0,0,0,0,0
123,1076,0,139,30,2,34,0,0,1,0,1,0,0,0,1,0,0,1
124,1082,1,252,10,1,10,0,0,0,0,0,0,0,0,0,0,0,0
125,1087,1,60,34,1,34,0,0,0,0,1,0,0,0,0,0,0,0
126,1088,0,98,12,2,16,1,0,0,0,0,0,0,0,0,0,0,0
127,1093,1,263,12,8,58,1,1,3,0,0,1,1,0,0,0,0,2
128,1095,1,312,10,1,10,0,0,0,0,0,0,0,0,0,0,0,0
129,1101,1,257,2,1,2,0,0,0,0,0,0,0,0,0,0,0,0
130,1103,1,205,4,2,6,0,0,0,0,0,0,0,0,0,0,0,0
131,1119,1,285,22,1,22,0,0,1,0,0,0,0,0,0,0,0,0
132,1121,1,122,4,1,4,0,0,0,0,0,0,0,0,0,0,0,0
133,1123,1,363,2,12,28,0,1,2,1,0,1,1,1,0,0,0,3
134,1131,1,302,10,1,10,0,0,0,0,0,0,0,0,0,0,0,0
135,1138,1,51,4,2,12,0,0,0,0,0,0,0,0,0,0,0,0
136,1141,1,35,18,2,22,1,0,1,0,0,0,0,1,0,0,0,1
137,1142,0,150,2,10,28,1,1,1,2,1,0,0,0,1,0,0,1
138,1149,1,136,6,1,6,0,0,0,0,0,0,0,0,0,0,0,0
139,1151,1,244,32,1,32,0,0,1,0,0,0,0,0,0,0,0,0
140,1160,1,64,32,1,32,0,0,0,0,0,0,1,0,0,0,0,1
141,1161,1,89,4,2,6,0,0,0,0,0,0,0,0,0,0,1,0
142,1169,1,265,16,1,16,0,0,1,0,0,0,0,0,0,0,0,0
143,1170,0,163,14,1,14,0,0,0,0,0,0,0,0,0,0,0,0
144,1172,1,216,14,2,20,1,0,1,0,0,0,0,0,0,0,0,0
145,1185,1,283,14,9,46,1,2,3,0,2,0,1,2,1,0,0,4
146,1195,1,294,14,2,22,0,1,0,0,1,0,0,0,0,0,0,0
147,1222,1,307,36,5,60,1,0,2,0,0,0,2,1,0,0,0,3
148,1227,1,131,16,1,16,0,0,0,0,0,1,0,0,0,0,0,1
149,1230,1,359,18,9,48,1,0,3,2,0,2,1,0,0,0,0,3
150,1238,0,101,14,4,26,0,2,0,0,2,0,0,0,0,0,0,0
151,1248,1,246,18,1,18,0,0,0,1,0,0,0,0,0,0,0,0
152,1253,0,285,12,2,14,1,0,0,0,0,0,0,0,0,0,0,0
153,1261,1,157,26,1,26,1,0,0,0,0,0,0,0,0,0,0,0
154,1263,1,120,8,5,24,0,0,0,2,0,0,0,0,0,0,0,0
155,1283,1,217,14,2,20,1,0,0,0,1,0,0,0,0,0,0,0
156,1300,1,200,4,9,30,2,2,1,0,2,0,0,0,0,0,0,0
157,1313,1,100,12,4,32,0,0,0,2,1,0,0,0,0,0,0,0
158,1319,1,309,4,11,40,1,1,2,2,0,0,1,1,0,0,0,2
159,1323,0,354,6,10,56,1,3,4,1,0,0,0,0,0,0,0,0
160,1329,1,163,2,1,2,0,0,0,0,0,0,0,0,0,0,0,0
161,1333,1,66,12,2,20,0,0,1,0,0,0,0,0,0,0,0,0
162,1352,1,169,16,4,34,1,0,0,0,0,0,3,0,0,0,0,3
163,1353,1,224,4,1,4,0,0,0,0,0,0,0,0,0,0,0,0
164,1357,0,222,16,2,20,0,1,1,0,0,0,0,1,0,0,0,1
165,1364,1,477,20,12,68,2,1,5,0,0,1,3,1,0,0,0,5
166,1366,1,143,10,1,10,0,0,0,0,0,0,0,0,0,0,0,0
167,1371,1,295,32,2,40,2,0,0,0,0,0,0,0,0,0,0,0
168,1392,1,69,2,1,2,0,0,0,0,0,0,0,0,0,0,0,0
169,1394,1,275,8,10,62,1,1,1,2,1,2,0,1,1,2,0,6
170,1406,1,54,12,3,24,1,0,0,0,0,1,0,0,0,0,0,1
171,1411,0,201,34,6,54,3,1,0,0,1,0,1,0,0,0,0,1
172,1442,1,149,8,1,8,0,0,0,0,0,0,0,0,0,0,0,0
173,1455,1,364,14,8,54,2,2,2,0,0,1,1,1,0,0,0,3
174,1474,0,86,14,5,40,1,0,0,0,2,2,0,0,0,0,1,2
175,1484,1,151,12,4,34,0,1,0,1,1,0,0,0,0,0,0,0
176,1486,1,229,8,2,12,0,0,0,0,0,0,0,0,0,0,0,0
177,1494,1,227,2,9,42,1,0,0,1,0,2,0,0,0,0,0,2
178,1496,1,246,6,1,6,0,0,0,0,0,0,0,0,0,0,0,0
179,1505,1,43,10,2,16,1,0,0,0,0,0,0,0,0,0,0,0
180,1515,1,158,12,2,14,0,1,0,0,0,0,0,0,0,0,0,0
181,1518,0,327,16,2,24,0,0,0,1,0,0,1,0,0,0,0,1
182,1521,1,164,2,3,16,1,0,0,0,0,0,0,0,0,0,1,0
183,1526,0,158,6,9,56,1,1,1,1,1,0,3,0,0,0,1,3
184,1529,0,206,10,2,16,1,0,0,0,0,0,0,0,0,0,0,0
185,1530,1,319,4,2,10,0,0,0,0,0,0,0,0,0,0,0,0
186,1531,0,39,10,1,10,0,0,0,0,0,0,0,0,0,0,0,0
187,1543,1,295,6,2,14,0,0,1,0,0,0,0,0,0,0,0,0
188,1552,1,178,14,1,14,0,1,0,0,0,0,0,0,0,0,0,0
189,1554,1,128,32,5,48,1,0,1,0,0,0,3,0,0,0,0,3
190,1577,1,311,2,9,34,2,1,2,2,0,0,0,0,0,0,0,0
191,1610,0,391,8,9,48,1,1,2,1,3,0,0,0,0,0,0,0
192,1641,0,88,18,2,22,1,0,0,0,1,0,0,0,0,0,0,0
193,1652,1,97,2,2,10,0,0,0,0,0,0,0,0,0,0,0,0
194,1671,0,250,12,12,36,1,1,3,2,1,3,0,1,1,1,1,6
195,1672,1,102,2,1,2,0,0,0,0,0,0,0,0,0,0,0,0
196,1685,1,273,14,2,20,0,0,0,1,0,1,0,0,0,0,0,1
197,1690,1,362,14,5,42,1,0,2,0,1,0,1,1,1,0,0,3
198,1705,0,271,12,2,14,0,1,0,0,0,0,0,0,0,0,0,0
199,1740,0,24,8,1,8,0,0,0,0,0,0,0,0,0,0,0,0
200,1741,1,280,14,2,22,0,0,1,0,0,0,0,0,0,0,0,0
201,1748,1,203,18,1,18,0,0,1,0,0,0,0,0,0,0,0,0
202,1749,1,304,16,2,18,1,0,0,1,0,0,0,0,0,0,0,0
203,1766,0,164,12,3,24,0,1,1,0,0,0,0,0,0,0,0,0
204,1784,1,32,12,1,12,0,0,0,0,0,0,0,0,0,0,0,0
205,1785,1,178,30,2,34,0,0,1,0,0,0,1,0,0,0,0,1
206,1788,1,130,12,1,12,0,0,0,0,0,0,0,0,0,0,1,0
207,1796,0,177,30,9,76,1,2,2,1,1,2,0,0,0,0,0,2
208,1799,1,90,10,2,14,0,1,0,0,0,0,0,0,0,0,0,0
209,1805,1,292,14,1,14,0,1,0,0,0,0,0,0,0,0,0,0
210,1813,1,226,2,1,2,0,0,0,0,0,0,0,0,0,0,0,0
211,1815,1,73,12,2,18,0,1,0,0,0,0,0,0,0,0,0,0
212,1817,0,123,4,2,10,0,0,0,0,0,0,0,0,0,0,0,0
213,1825,1,432,12,11,76,3,2,2,0,0,1,2,0,0,0,0,3
214,1837,1,218,22,1,22,0,0,0,1,0,0,0,0,0,0,0,0
215,1838,1,448,12,12,48,4,5,1,0,0,1,0,1,0,1,0,3
216,1844,1,37,16,2,22,0,0,0,2,0,0,0,0,0,0,0,0
217,1845,1,246,6,9,40,1,2,4,0,1,0,0,0,0,0,0,0
218,1846,0,200,8,3,24,0,1,0,0,0,0,1,0,0,0,0,1
219,1858,1,220,16,3,24,1,0,2,0,0,0,0,1,0,0,0,1
220,1878,0,238,24,1,24,0,0,0,0,0,1,0,0,0,0,0,1
221,1886,0,152,16,9,66,0,1,4,0,2,1,1,0,0,0,0,2
222,1889,1,361,6,6,36,1,0,2,0,0,1,1,1,0,1,1,4
223,1923,0,60,14,4,32,1,1,2,0,0,0,0,1,0,0,0,1
224,1941,0,438,12,11,76,4,0,2,4,0,0,0,1,0,0,0,1
225,1960,1,58,2,1,2,0,0,0,0,0,0,0,0,0,0,0,0
226,1962,0,61,10,3,20,2,0,0,0,0,0,0,0,0,0,0,0
227,1977,1,194,14,2,22,0,0,0,0,0,2,0,0,0,0,0,2
228,1984,1,239,8,1,8,0,0,0,0,0,0,0,0,0,0,0,0
229,2020,1,68,16,1,16,0,0,0,0,0,1,0,0,0,0,0,1
230,2046,1,88,16,1,16,0,0,0,1,0,0,0,0,0,0,0,0
231,2052,1,300,14,1,14,0,0,1,0,0,0,0,0,0,0,0,0
232,2062,0,363,14,7,42,1,2,1,1,1,0,1,0,0,0,0,1
233,2065,1,234,10,1,10,0,0,0,0,0,0,0,0,0,0,0,0
234,2068,1,191,6,1,6,0,0,0,0,0,0,0,0,0,0,0,0
235,2073,1,178,26,2,28,0,0,0,1,1,0,0,0,0,0,0,0
236,2074,1,146,10,1,10,0,0,0,0,0,0,0,0,0,0,0,0
237,2079,0,374,36,11,66,3,1,2,1,2,0,2,0,0,0,0,2
238,2081,0,109,14,2,20,0,0,1,0,1,0,0,0,0,0,0,0
239,2096,1,120,14,1,14,0,0,1,0,0,0,0,0,0,0,0,0
240,2099,1,210,16,1,16,1,0,0,0,0,0,0,0,0,0,0,0
241,2108,0,282,14,2,18,0,0,0,1,0,1,0,0,0,0,0,1
242,2119,1,260,32,1,32,0,0,0,0,0,0,1,0,0,0,0,1
243,2121,1,340,12,6,30,2,1,1,0,0,0,1,0,0,0,0,1
244,2124,1,441,10,12,72,2,1,0,2,1,2,3,0,0,0,1,5
245,2171,0,95,8,2,12,0,0,0,0,0,0,0,0,0,0,0,0
246,2172,0,34,10,2,16,1,0,0,0,0,0,0,0,0,0,0,0
247,2183,1,125,32,1,32,0,0,0,0,0,0,1,0,0,0,0,1
248,2184,1,329,14,3,24,0,0,1,0,0,2,0,0,0,0,0,2
249,2185,1,79,16,1,16,0,0,1,0,0,0,0,0,0,0,0,0
250,2198,1,96,26,2,28,0,0,0,0,1,0,1,0,0,0,0,1
251,2203,1,173,20,2,28,0,0,1,1,0,0,0,0,0,0,0,0
252,2204,1,364,16,8,60,0,1,3,0,0,1,3,0,0,0,0,4
253,2213,0,212,16,5,38,1,0,1,2,0,0,1,1,0,0,1,2
254,2226,1,124,16,2,22,2,0,0,0,0,0,0,0,0,0,0,0
255,2227,1,167,18,5,32,1,0,1,3,0,0,0,0,0,0,0,0
256,2238,1,80,12,1,12,0,0,0,0,0,0,0,0,0,0,0,0
257,2245,1,318,8,2,10,0,0,0,0,0,0,0,0,0,0,0,0
258,2253,1,260,12,1,12,0,0,0,0,0,0,0,0,0,0,0,0
259,2262,0,148,6,4,20,0,0,0,0,0,1,0,0,0,0,1,1
260,2263,0,243,4,1,4,0,0,0,0,0,0,0,0,0,0,0,0
261,2268,0,40,22,1,22,0,0,0,1,0,0,0,0,0,0,0,0
262,2294,1,121,12,5,32,1,0,0,1,0,0,0,0,0,0,0,0
263,2296,1,384,10,8,46,3,0,1,1,1,1,0,0,0,0,0,1
264,2299,1,90,10,5,38,0,0,2,0,0,0,1,1,0,0,0,2
265,2304,1,107,14,6,36,1,0,2,0,2,0,1,0,0,0,0,1
266,2313,1,53,12,2,14,0,0,1,0,0,0,0,0,0,0,0,0
267,2324,1,232,10,1,10,0,0,0,0,0,0,0,0,0,0,0,0
268,2339,0,329,16,5,36,2,0,1,1,0,1,0,0,0,0,0,1
269,2341,0,90,12,3,26,1,0,0,0,1,0,0,0,0,0,0,0
270,2342,1,192,34,6,52,0,0,3,2,0,1,0,0,0,0,0,1
271,2376,0,419,14,12,50,2,0,4,1,2,1,2,2,1,1,0,7
272,2377,1,153,10,1,10,0,0,0,0,0,0,0,0,0,0,0,0
273,2382,1,305,16,8,60,2,0,0,2,2,0,2,0,0,0,0,2
274,2383,1,218,14,8,48,1,0,3,1,0,1,2,0,0,0,0,3
275,2385,1,33,2,1,2,0,0,0,0,0,0,0,0,0,0,0,0
276,2392,0,135,16,4,26,0,0,2,0,1,0,1,0,0,0,0,1
277,2394,1,320,6,2,12,0,0,0,0,0,0,0,0,0,0,0,0
278,2431,1,174,16,2,22,0,0,0,0,1,0,1,0,0,0,1,1
279,2435,1,285,6,9,56,1,1,2,1,0,0,2,1,0,0,0,3
280,2471,0,208,4,2,8,0,0,0,0,0,0,0,0,0,0,0,0
281,2473,1,45,26,2,34,2,0,0,0,0,0,0,0,0,0,0,0
282,2475,0,77,8,1,8,0,0,0,0,0,0,0,0,0,0,0,0
283,2503,0,90,10,2,14,1,0,0,0,0,0,0,0,0,0,0,0
284,2505,1,297,8,7,22,0,2,1,0,0,1,0,0,0,0,0,1
285,2506,1,347,10,6,28,2,0,1,1,0,0,0,1,0,0,0,1
286,2508,1,188,36,6,62,2,0,2,0,0,1,1,0,0,0,0,2
287,2523,1,252,2,1,2,0,0,0,0,0,0,0,0,0,0,0,0
288,2527,0,415,16,12,68,5,0,0,2,1,1,3,0,0,0,1,4
289,2532,1,146,14,2,18,0,1,1,0,0,0,0,0,0,0,0,0
290,2536,1,142,4,2,6,0,0,0,0,0,0,0,0,0,0,0,0
291,2541,1,232,26,2,30,0,0,1,0,1,0,0,0,0,0,0,0
292,2591,0,326,22,4,38,2,0,0,1,0,0,1,0,0,0,0,1
293,2594,1,131,8,6,30,0,1,1,1,0,0,0,0,0,0,0,0
294,2603,0,166,16,1,16,0,0,0,0,0,0,1,0,0,0,0,1
295,2604,1,44,16,2,18,0,0,1,0,1,0,0,0,0,0,0,0
296,2624,1,159,34,1,34,0,0,1,0,0,0,0,0,0,0,0,0
297,2641,0,210,34,1,34,0,0,1,0,0,0,0,0,0,0,0,0
298,2649,1,143,10,1,10,0,0,0,0,0,0,0,0,0,0,0,0
299,2660,0,212,10,1,10,0,0,0,0,0,0,0,0,0,0,0,0
300,2668,1,201,32,1,32,1,0,0,0,0,0,0,0,0,0,0,0
301,2673,1,110,10,6,28,0,2,1,0,1,0,0,0,0,0,0,0
302,2676,1,18,16,1,16,0,1,0,0,0,0,0,0,0,0,0,0
303,2684,1,267,16,2,18,0,0,2,0,0,0,0,0,0,0,0,0
304,2687,1,38,4,1,4,0,0,0,0,0,0,0,0,0,0,0,0
305,2699,1,284,10,5,20,0,1,2,0,1,0,0,0,0,0,0,0
306,2707,1,332,12,10,48,2,1,3,1,0,1,0,1,0,1,0,3
307,2726,1,124,4,1,4,0,0,0,0,0,0,0,0,0,0,0,0
308,2727,0,192,12,1,12,0,0,0,0,0,0,0,0,0,0,0,0
309,2731,1,267,12,6,38,1,2,1,0,1,0,0,1,1,0,0,2
310,2739,1,324,10,2,14,1,0,0,0,0,0,0,0,0,0,0,0
311,2761,1,199,4,10,34,3,0,2,1,2,1,0,0,0,0,0,1
312,2771,0,356,4,6,22,1,0,0,1,0,0,0,0,0,0,1,0
313,2773,1,475,4,12,52,4,0,2,2,1,0,1,0,0,0,0,1
314,2798,1,258,14,2,18,1,0,0,0,1,0,0,0,0,0,0,0
315,2812,0,268,12,7,46,0,0,2,1,1,2,0,1,0,0,1,3
316,2819,1,101,10,2,18,0,1,0,0,0,0,0,0,0,0,0,0
317,2828,1,238,8,4,28,1,0,0,0,1,1,0,0,1,1,0,3
318,2829,1,305,14,8,56,0,1,4,2,0,0,1,0,0,0,0,1
319,2830,0,269,12,1,12,0,0,0,0,0,0,0,0,0,0,0,0
320,2846,1,240,12,1,12,0,0,0,0,0,0,0,0,0,0,0,0
321,2847,1,218,24,2,30,1,0,1,0,0,0,0,0,0,0,0,0
322,2851,0,155,30,6,44,1,0,3,0,0,0,2,0,0,0,1,2
323,2859,0,285,10,1,10,0,0,0,0,0,0,0,0,0,0,0,0
324,2873,1,317,14,9,64,1,3,1,2,0,1,1,0,0,0,0,2
325,2875,0,361,16,11,80,2,1,6,0,2,0,0,0,0,0,0,0
326,2889,1,370,10,8,50,2,0,2,0,0,1,1,0,0,0,0,2
327,2891,0,339,8,7,46,1,1,0,2,1,1,0,0,0,0,0,1
328,2901,0,48,10,1,10,0,0,0,0,0,0,0,0,0,0,1,0
329,2904,0,169,14,3,24,0,0,0,0,1,2,0,0,1,1,1,4
330,2907,1,75,4,2,10,0,0,0,0,0,0,0,0,0,0,0,0
331,2924,0,133,16,3,26,0,1,0,1,1,0,0,0,0,0,0,0
332,2927,1,330,14,6,34,3,0,0,0,3,0,0,0,1,0,0,1
333,2934,0,102,8,5,26,1,1,1,1,0,0,0,0,0,0,0,0
334,2959,1,311,10,1,10,0,0,0,0,0,0,0,0,0,0,0,0
335,2974,1,316,16,3,30,0,0,2,0,0,0,1,0,0,0,0,1
336,2981,1,230,2,12,32,0,4,2,1,0,0,0,2,0,0,0,2
337,2990,1,246,34,2,40,0,0,0,0,0,0,2,0,0,0,0,2
338,2993,0,219,10,6,28,2,0,1,0,0,1,1,1,0,1,1,4
339,3008,1,127,4,2,6,0,0,0,0,0,0,0,0,0,0,0,0
340,3012,1,256,16,4,36,2,0,0,1,0,1,0,0,0,0,0,1
341,3014,0,369,16,6,40,1,0,3,0,1,0,1,1,1,0,1,3
342,3016,1,269,32,1,32,0,1,0,0,0,0,0,0,0,0,0,0
343,3024,1,248,16,7,44,1,1,3,0,0,1,1,1,0,0,0,3
344,3030,1,293,18,9,42,2,0,1,1,2,1,2,0,0,0,0,3
345,3043,1,211,28,1,28,0,0,1,0,0,0,0,0,0,0,0,0
346,3047,1,82,16,3,26,0,1,0,0,0,1,1,0,0,0,0,2
347,3048,0,304,20,2,22,0,0,2,0,0,0,0,0,0,0,0,0
348,3054,1,177,8,1,8,0,0,0,0,0,0,0,0,0,0,0,0
349,3055,0,248,16,8,38,3,0,2,1,0,1,1,0,0,0,1,2
350,3057,1,86,6,1,6,0,0,0,0,0,0,0,0,0,0,0,0
351,3058,1,149,16,2,18,1,0,0,0,0,0,1,0,0,0,0,1
352,3067,0,158,32,2,34,0,0,1,1,0,0,0,0,0,0,0,0
353,3069,1,212,32,2,38,0,0,2,0,0,0,0,1,0,0,0,1
354,3072,1,422,18,9,56,3,0,5,1,0,0,0,0,0,0,0,0
355,3073,1,277,14,2,20,1,0,1,0,0,0,0,1,0,0,0,1
356,3078,1,222,10,2,14,0,0,0,0,0,0,0,0,0,0,0,0
357,3093,0,177,10,1,10,0,0,0,0,0,0,0,0,0,0,0,0
358,3094,0,230,2,1,2,0,0,0,0,0,0,0,0,0,0,1,0
359,3099,0,248,34,7,52,4,0,0,1,1,1,0,0,0,0,0,1
360,3102,0,24,8,1,8,0,0,0,0,0,0,0,0,0,0,0,0
361,3105,1,130,2,2,8,0,0,0,0,0,0,0,0,0,0,0,0
362,3107,1,34,2,1,2,0,0,0,0,0,0,0,0,0,0,0,0
363,3138,1,145,4,2,12,0,0,0,0,0,0,0,0,0,0,0,0
364,3153,1,121,26,1,26,1,0,0,0,0,0,0,0,0,0,0,0
365,3155,1,424,10,11,64,0,4,2,1,0,1,2,0,0,0,0,3
366,3159,1,233,10,1,10,0,0,0,0,0,0,0,0,0,0,0,0
367,3196,1,221,10,2,12,0,0,0,0,0,0,0,0,0,0,0,0
368,3231,1,287,6,9,38,1,1,2,0,0,1,2,0,0,0,0,3
369,3233,1,206,16,2,24,0,0,0,0,0,1,1,0,0,0,0,2
370,3241,0,148,6,1,6,0,0,0,0,0,0,0,0,0,0,0,0
371,3244,1,345,6,5,20,0,0,2,0,1,0,0,0,0,0,0,0
372,3251,0,173,14,2,20,0,0,0,1,1,0,0,0,0,0,0,0
373,3256,1,240,16,11,76,5,1,1,2,1,1,0,0,0,0,0,1
374,3270,1,223,10,6,24,0,0,2,1,1,0,0,0,0,0,0,0
375,3293,0,74,4,2,6,0,0,0,0,0,0,0,0,0,0,0,0
376,3308,1,246,10,8,32,3,0,0,1,1,1,0,0,0,0,0,1
377,3309,0,148,16,1,16,0,0,1,0,0,0,0,0,0,0,0,0
378,3329,1,54,8,1,8,0,0,0,0,0,0,0,0,0,0,0,0
379,3338,1,189,14,1,14,1,0,0,0,0,0,0,0,0,0,0,0
380,3340,1,26,16,1,16,0,0,0,0,1,0,0,0,0,0,0,0
381,3367,1,99,4,1,4,0,0,0,0,0,0,0,0,0,0,0,0
382,3369,0,249,14,8,40,1,1,3,0,0,1,2,1,0,0,0,4
383,3375,1,137,16,1,16,0,0,1,0,0,0,0,0,0,0,0,0
384,3377,0,221,2,8,20,1,0,0,2,0,1,0,0,0,0,0,1
385,3407,1,180,4,2,6,0,0,0,0,0,0,0,0,0,0,0,0
386,3412,0,404,28,11,88,3,1,1,0,2,1,3,0,0,0,0,4
387,3471,1,329,12,2,14,0,0,1,0,0,0,0,0,0,0,0,0
388,3493,1,198,26,2,30,1,0,0,0,0,1,0,0,0,0,0,1
389,3504,1,252,14,1,14,0,0,0,1,0,0,0,0,0,0,0,0
390,3517,1,379,24,10,60,2,1,1,1,0,2,3,0,0,1,0,6
391,3526,1,300,16,2,18,1,0,0,0,0,1,0,0,0,0,0,1
392,3531,1,364,14,8,52,3,0,1,1,2,1,0,0,0,0,0,1
393,3533,1,253,6,12,38,7,0,1,1,0,0,2,0,0,0,0,2
394,3554,0,232,8,1,8,0,0,0,0,0,0,0,0,0,0,0,0
395,3566,1,128,16,2,20,1,0,0,1,0,0,0,0,0,0,0,0
396,3569,1,266,10,4,32,0,0,0,0,2,1,0,0,1,1,0,3
397,3590,1,106,16,1,16,0,0,1,0,0,0,0,0,0,0,0,0
398,3606,1,174,14,2,16,0,0,1,0,1,0,0,0,0,0,0,0
399,3609,1,243,4,1,4,0,0,0,0,0,0,0,0,0,0,0,0
400,3621,1,111,8,2,14,0,1,0,0,0,0,0,0,0,0,0,0
401,3625,1,288,16,5,32,1,2,1,0,0,1,0,0,0,0,0,1
402,3628,1,157,2,2,10,0,0,0,0,0,0,0,0,0,0,0,0
403,3640,1,97,16,2,18,0,0,0,0,1,1,0,0,0,0,0,1
404,3656,1,168,16,2,24,1,0,1,0,0,0,0,1,0,0,0,1
405,3662,0,243,10,12,48,1,2,3,1,1,1,1,0,0,0,1,2
406,3665,1,152,4,2,10,0,0,0,0,0,0,0,0,0,0,0,0
407,3669,1,47,2,3,10,0,0,0,0,0,0,0,0,0,0,1,0
408,3670,1,67,12,1,12,0,0,0,0,0,0,0,0,0,0,0,0
409,3672,1,320,6,3,18,0,1,0,0,0,0,1,0,0,0,0,1
410,3673,1,100,14,1,14,0,0,0,0,1,0,0,0,0,0,0,0
411,3681,0,354,26,7,42,1,2,2,0,0,0,2,1,0,0,0,3
412,3684,1,144,6,8,38,0,0,2,1,1,1,1,1,1,1,0,5
413,3689,1,268,10,1,10,0,0,0,0,0,0,0,0,0,0,0,0
414,3693,1,40,10,2,16,0,0,1,0,0,0,0,0,0,0,0,0
415,3695,1,65,16,1,16,0,0,0,0,0,0,1,0,0,0,0,1
416,3701,1,307,16,2,24,1,1,0,0,0,0,0,0,0,0,0,0
417,3706,1,261,22,2,30,0,0,1,0,0,0,1,0,0,0,0,1
418,3708,1,273,16,1,16,1,0,0,0,0,0,0,0,0,0,0,0
419,3710,0,163,6,2,14,1,0,0,0,0,0,0,0,0,0,0,0
420,3716,1,235,12,7,52,1,0,3,0,0,2,0,0,0,0,0,2
421,3736,1,57,18,2,24,1,0,0,0,0,0,1,0,0,0,0,1
422,3739,1,43,2,2,4,0,0,0,0,0,0,0,0,0,0,1,0
423,3742,1,289,4,6,28,0,0,2,0,0,0,0,1,0,0,1,1
424,3746,1,222,6,2,10,0,0,0,0,0,0,0,0,0,0,0,0
425,3747,1,94,8,3,26,0,0,0,0,0,0,1,0,0,0,0,1
426,3759,0,226,14,2,22,0,0,0,0,1,0,0,0,0,0,0,0
427,3771,1,217,6,1,6,0,0,0,0,0,0,0,0,0,0,0,0
428,3779,1,193,12,1,12,0,0,0,0,0,0,0,0,0,0,0,0
429,3817,1,377,6,12,34,3,1,0,0,0,2,2,0,0,0,1,4
430,3819,1,294,16,3,22,1,1,0,0,0,0,1,0,0,0,0,1
431,3825,1,28,12,1,12,0,0,0,0,0,0,0,0,0,0,0,0
432,3866,0,142,10,1,10,0,0,0,0,0,0,0,0,0,0,0,0
433,3871,1,257,16,2,24,1,1,0,0,0,0,0,0,0,0,0,0
434,3873,1,132,28,2,30,0,0,0,1,0,0,1,0,0,0,0,1
435,3882,1,223,4,7,22,1,0,2,1,0,1,1,1,0,0,0,3
436,3887,1,419,10,11,70,3,0,2,0,2,1,2,0,0,0,0,3
437,3913,1,176,20,1,20,0,1,0,0,0,0,0,0,0,0,0,0
438,3915,0,83,18,1,18,1,0,0,0,0,0,0,0,0,0,0,0
439,3927,1,366,10,12,70,3,0,2,1,0,1,2,0,0,0,0,3
440,3943,1,198,8,2,12,0,0,0,0,0,0,0,0,0,0,0,0
441,3945,1,90,16,1,16,0,0,1,0,0,0,0,0,0,0,0,0
442,3966,1,122,4,1,4,0,0,0,0,0,0,0,0,0,0,0,0
443,3984,1,356,12,4,26,0,1,2,0,0,0,0,0,0,0,0,0
444,3989,1,203,16,2,24,1,0,1,0,0,0,0,1,0,0,0,1
445,3998,1,33,12,2,14,0,1,0,0,0,0,0,0,0,0,0,0
446,4003,1,139,8,1,8,0,0,0,0,0,0,0,0,0,0,0,0
447,4004,1,201,14,7,54,1,0,5,0,0,1,0,0,0,0,0,1
448,4014,1,284,10,1,10,0,0,0,0,0,0,0,0,0,0,0,0
449,4027,1,227,12,6,36,1,0,1,0,1,1,1,0,0,0,0,2
450,4048,1,244,30,9,52,1,3,1,2,1,0,1,0,0,0,0,1
451,4049,1,59,8,1,8,0,0,0,0,0,0,0,0,0,0,0,0
452,4050,1,228,24,12,58,6,0,3,0,0,1,2,1,0,0,0,4
453,4061,1,62,10,1,10,0,0,0,0,0,0,0,0,0,0,0,0
454,4073,1,76,22,1,22,0,0,0,1,0,0,0,0,0,0,0,0
455,4083,1,312,12,1,12,0,0,0,0,0,0,0,0,0,0,0,0
456,4105,1,149,2,5,26,0,1,0,0,0,2,0,0,0,1,1,3
457,4114,0,193,16,5,34,0,0,1,0,2,1,1,0,0,0,0,2
458,4117,1,56,16,1,16,0,0,1,0,0,0,0,0,0,0,0,0
459,4131,0,195,16,2,20,0,0,1,0,1,0,0,0,0,0,0,0
460,4133,1,186,24,1,24,0,0,0,1,0,0,0,0,0,0,0,0
461,4137,0,153,36,2,42,0,1,1,0,0,0,0,0,0,0,0,0
462,4153,1,362,18,12,78,2,1,4,3,1,0,1,1,0,0,0,2
463,4160,1,198,6,1,6,0,0,0,0,0,0,0,0,0,0,0,0
464,4173,1,128,18,2,24,0,0,1,0,0,1,0,0,0,0,0,1
465,4182,0,270,4,2,6,0,0,0,0,0,0,0,0,0,0,1,0
466,4188,1,350,14,5,28,3,0,0,1,0,0,1,0,0,0,0,1
467,4194,0,286,36,1,36,0,0,0,0,0,0,1,0,0,0,0,1
468,4209,0,71,20,2,24,0,0,0,0,0,0,2,0,0,0,0,2
469,4231,1,241,6,2,14,0,0,0,0,1,0,0,0,0,0,0,0
470,4248,0,190,10,1,10,0,0,0,0,0,0,0,0,0,0,0,0
471,4253,1,77,10,1,10,0,0,0,0,0,0,0,0,0,0,0,0
472,4260,1,68,16,2,22,0,0,0,0,1,1,0,0,0,0,0,1
473,4288,1,317,12,9,38,1,1,2,1,1,1,1,0,0,0,0,2
474,4294,1,422,14,9,38,1,0,3,1,1,1,2,0,0,0,0,3
475,4321,1,96,22,5,44,0,1,3,0,0,1,0,1,0,0,0,2
476,4338,0,170,24,2,30,0,0,2,0,0,0,0,1,0,0,0,1
477,4345,1,263,14,7,42,1,1,2,0,1,0,1,1,1,0,0,3
478,4360,0,254,26,1,26,0,0,1,0,0,0,0,0,0,0,0,0
479,4367,0,262,6,5,24,0,0,1,0,0,0,1,0,0,0,0,1
480,4378,1,168,20,7,36,0,2,3,0,0,1,1,0,0,0,0,2
481,4380,0,37,16,2,20,1,0,0,0,1,0,0,0,0,0,0,0
482,4381,0,184,20,6,44,1,2,0,3,0,0,0,0,0,0,0,0
483,4382,1,228,10,2,16,1,0,0,0,0,0,0,0,0,0,0,0
484,4386,1,47,10,2,14,0,0,0,1,0,0,0,0,0,0,0,0
485,4387,1,195,12,2,16,0,0,1,0,0,0,0,0,0,0,0,0
486,4398,1,294,12,12,70,2,3,2,0,1,1,2,1,0,0,1,4
487,4409,1,135,14,1,14,1,0,0,0,0,0,0,0,0,0,0,0
488,4421,0,248,6,2,10,0,0,0,0,0,0,0,0,0,0,1,0
489,4436,1,109,10,2,16,0,0,1,0,0,0,0,0,0,0,0,0
490,4443,1,274,22,1,22,0,0,0,0,1,0,0,0,0,0,0,0
491,4454,1,234,2,5,16,1,0,0,0,0,0,0,0,0,0,1,0
492,4469,1,105,12,7,26,3,0,2,1,0,0,0,0,0,0,0,0
493,4490,1,372,20,8,66,2,0,3,1,1,0,1,1,1,0,0,3
494,4504,1,49,16,2,20,1,0,1,0,0,0,0,0,0,0,0,0
495,4506,1,139,20,7,44,2,0,1,1,2,1,0,0,0,0,0,1
496,4508,1,55,12,1,12,0,0,0,0,0,0,0,0,0,0,0,0
497,4511,1,117,2,1,2,0,0,0,0,0,0,0,0,0,0,0,0
498,4547,1,140,14,2,20,0,1,1,0,0,0,0,0,0,0,0,0
499,4549,0,68,12,4,26,0,1,0,2,0,0,0,0,0,0,0,0
500,4553,1,102,4,2,12,0,0,0,0,0,0,0,0,0,0,0,0
501,4558,1,55,14,2,18,0,0,1,1,0,0,0,0,0,0,0,0
502,4564,1,281,14,8,58,2,1,0,2,0,1,2,0,0,0,0,3
503,4567,1,293,2,9,26,0,1,0,2,0,1,1,0,0,0,0,2
504,4574,1,330,16,5,42,0,0,1,0,0,2,2,0,0,0,1,4
505,4580,1,179,4,3,22,1,0,0,0,1,0,0,0,0,0,0,0
506,4584,1,357,8,5,36,1,0,3,0,0,0,0,0,0,0,0,0
507,4590,1,239,2,1,2,0,0,0,0,0,0,0,0,0,0,0,0
508,4596,1,231,26,1,26,0,0,1,0,0,0,0,0,0,0,0,0
509,4613,1,75,12,2,16,0,0,0,1,0,0,0,0,0,0,0,0
510,4629,1,290,34,1,34,0,0,1,0,0,0,0,0,0,0,0,0
511,4653,0,258,28,7,60,0,1,1,1,0,1,3,1,0,1,1,6
512,4659,0,224,28,12,74,0,2,3,2,1,2,2,0,0,0,0,4
513,4680,1,187,14,8,38,2,1,1,1,1,1,1,0,0,0,0,2
514,4683,1,199,14,2,16,0,0,1,0,0,0,0,0,0,0,0,0
515,4699,1,131,18,7,46,0,0,3,1,1,0,2,0,0,0,0,2
516,4722,1,175,30,2,32,1,0,1,0,0,0,0,0,0,0,0,0
517,4725,0,189,16,2,24,0,0,1,1,0,0,0,0,0,0,0,0
518,4728,1,267,2,4,20,0,0,1,0,0,0,0,0,0,0,1,0
519,4740,0,307,12,1,12,0,0,0,0,0,0,0,0,0,0,0,0
520,4748,1,187,2,8,44,3,1,2,1,0,0,0,1,0,0,0,1
521,4752,1,80,6,1,6,0,0,0,0,0,0,0,0,0,0,0,0
522,4755,0,78,32,2,34,0,0,0,0,0,0,2,0,0,0,0,2
523,4756,1,291,32,1,32,0,0,0,0,0,0,1,0,0,0,0,1
524,4762,1,300,20,7,40,0,1,2,0,1,2,1,0,0,0,0,3
525,4767,1,320,16,2,20,0,0,1,0,0,1,0,0,0,0,0,1
526,4773,1,157,8,2,14,0,0,1,0,0,0,0,0,0,0,0,0
527,4777,0,305,14,5,28,0,0,4,0,0,0,1,0,0,0,0,1
528,4780,1,421,6,11,68,2,1,1,1,2,1,2,0,0,0,0,3
529,4796,1,372,30,11,60,4,1,3,1,1,1,0,1,1,1,0,4
530,4801,1,17,14,1,14,0,0,0,1,0,0,0,0,0,0,0,0
531,4808,1,109,10,6,30,0,1,1,1,0,0,2,0,0,0,0,2
532,4818,1,221,22,2,24,1,0,0,0,0,0,1,0,0,0,0,1
533,4820,0,444,16,10,38,3,2,3,0,1,0,1,0,0,0,0,1
534,4821,1,423,4,9,56,2,0,2,1,1,0,0,0,0,0,0,0
535,4829,1,228,8,10,46,1,0,3,2,0,0,1,2,0,0,0,3
536,4840,1,285,14,2,16,0,0,0,1,1,0,0,0,0,0,0,0
537,4859,1,244,8,2,10,0,0,0,0,0,0,0,0,0,0,0,0
538,4866,1,216,22,1,22,0,0,0,0,0,1,0,0,0,0,0,1
539,4873,1,202,4,9,48,2,0,1,2,0,1,2,0,0,0,0,3
540,4907,1,56,6,2,12,0,0,0,0,0,0,0,0,0,0,0,0
541,4910,1,291,10,2,18,1,0,0,0,0,0,0,0,0,0,0,0
542,4919,1,262,12,11,78,0,0,4,1,1,2,2,0,0,0,0,4
543,4939,1,228,8,1,8,0,0,0,0,0,0,0,0,0,0,0,0
544,4940,1,200,10,1,10,0,0,0,0,0,0,0,0,0,0,0,0
545,4983,1,263,20,12,80,4,1,3,2,0,2,0,0,0,0,0,2
546,4986,1,222,14,3,24,0,2,1,0,0,0,0,1,0,0,0,1
547,5010,1,157,8,1,8,0,0,0,0,0,0,0,0,0,0,0,0
548,5015,1,362,14,11,62,2,0,5,3,0,1,0,0,0,0,0,1
549,5020,1,186,4,1,4,0,0,0,0,0,0,0,0,0,0,0,0
550,5025,1,357,18,10,56,4,1,0,1,1,0,3,0,0,0,0,3
551,5030,1,211,4,6,18,0,0,1,0,0,0,0,0,0,0,0,0
552,5035,1,150,6,5,28,0,0,2,1,0,0,0,0,0,0,1,0
553,5037,1,281,12,2,18,1,0,0,0,0,0,0,0,0,0,0,0
554,5041,0,218,6,1,6,0,0,0,0,0,0,0,0,0,0,0,0
555,5047,1,106,14,1,14,1,0,0,0,0,0,0,0,0,0,0,0
556,5049,1,217,12,1,12,0,0,0,0,0,0,0,0,0,0,0,0
557,5050,0,262,28,2,30,0,0,0,0,0,0,2,0,0,0,0,2
558,5070,1,332,2,9,26,3,0,1,1,0,0,0,1,0,0,0,1
559,5076,1,281,36,11,92,3,0,2,1,1,1,3,0,0,0,0,4
560,5077,1,239,12,1,12,0,0,0,0,0,0,0,0,0,0,0,0
561,5083,1,224,32,1,32,0,0,0,1,0,0,0,0,0,0,0,0
562,5090,1,392,8,12,60,1,2,2,0,1,0,3,1,1,0,0,5
563,5100,1,188,22,5,48,1,0,1,1,1,0,1,0,0,0,0,1
564,5112,1,338,26,5,40,0,0,2,0,1,1,1,1,1,1,0,5
565,5115,1,394,14,8,48,3,1,1,0,1,1,1,0,0,0,0,2
566,5119,1,47,10,2,12,0,0,0,0,0,0,0,0,0,0,0,0
567,5147,1,276,20,3,26,0,0,1,1,1,0,0,1,0,0,0,1
568,5148,1,199,16,4,30,2,1,0,0,0,0,1,0,0,0,0,1
569,5167,1,37,14,2,20,0,0,1,1,0,0,0,0,0,0,0,0
570,5170,1,384,6,8,26,1,0,1,1,1,0,0,1,1,0,0,2
571,5174,0,172,4,2,8,0,0,0,0,0,0,0,0,0,0,0,0
572,5193,0,181,10,2,16,1,0,0,0,0,0,0,0,0,0,0,0
573,5197,1,211,20,1,20,1,0,0,0,0,0,0,0,0,0,0,0
574,5202,1,299,20,1,20,0,0,1,0,0,0,0,0,0,0,0,0
575,5203,0,108,26,2,28,0,0,1,1,0,0,0,0,0,0,0,0
576,5224,1,419,14,11,62,3,0,5,0,2,0,1,0,0,0,0,1
577,5228,1,406,14,10,72,1,1,3,1,0,1,2,0,0,0,0,3
578,5233,1,351,36,4,50,1,1,0,0,0,2,0,0,0,0,0,2
579,5235,0,400,6,11,52,1,0,3,2,0,3,0,0,0,0,1,3
580,5243,1,287,12,2,18,0,1,0,0,0,0,0,0,0,0,0,0
581,5246,1,423,12,10,34,2,1,2,0,4,0,0,1,1,0,0,2
582,5250,1,131,14,4,28,0,0,3,1,0,0,0,0,0,0,0,0
583,5257,1,305,6,9,24,0,0,4,0,1,1,2,0,0,0,0,3
584,5268,0,400,4,8,44,1,0,2,1,0,1,1,0,0,0,0,2
585,5297,1,124,14,4,32,0,0,2,0,1,0,1,0,0,0,0,1
586,5300,0,354,6,9,30,2,1,1,1,0,1,0,1,0,1,0,3
587,5333,1,165,14,1,14,1,0,0,0,0,0,0,0,0,0,0,0
588,5338,1,282,12,8,60,0,0,2,0,2,1,2,0,0,0,0,3
589,5345,1,240,12,2,16,0,0,1,0,0,0,0,0,0,0,0,0
590,5349,0,181,4,2,10,0,0,0,0,0,0,0,0,0,0,0,0
591,5350,1,245,18,4,34,0,0,0,0,0,1,3,0,0,0,1,4
592,5355,1,108,8,1,8,0,0,0,0,0,0,0,0,0,0,0,0
593,5366,1,300,12,5,24,0,0,0,2,1,1,0,0,0,0,0,1
594,5376,0,190,8,1,8,0,0,0,0,0,0,0,0,0,0,0,0
595,5383,0,175,16,2,20,1,0,0,1,0,0,0,0,0,0,0,0
596,5385,1,227,10,1,10,0,0,0,0,0,0,0,0,0,0,0,0
597,5394,1,121,16,2,20,0,0,0,1,1,0,0,0,0,0,0,0
598,5417,0,288,6,11,70,3,1,2,1,1,2,0,2,0,0,1,4
599,5424,1,278,26,1,26,0,1,0,0,0,0,0,0,0,0,0,0
600,5431,1,151,16,2,24,1,0,1,0,0,0,0,1,0,0,0,1
601,5442,1,228,14,9,36,0,1,4,1,0,1,2,1,0,0,0,4
602,5445,0,133,2,4,24,0,0,0,0,0,1,0,0,0,0,0,1
603,5448,0,398,10,11,50,3,0,2,1,2,1,0,0,0,0,0,1
604,5451,1,233,16,4,36,1,0,0,1,0,0,2,0,0,0,1,2
605,5452,1,203,18,1,18,0,0,0,0,0,1,0,0,0,0,0,1
606,5453,1,410,4,8,20,0,1,2,0,0,0,1,0,0,0,0,1
607,5454,1,128,20,2,24,1,0,1,0,0,0,0,0,0,0,0,0
608,5485,0,66,10,2,16,0,0,1,0,0,0,0,0,0,0,0,0
609,5504,1,104,28,1,28,0,0,0,1,0,0,0,0,0,0,0,0
610,5536,0,178,18,2,26,1,0,1,0,0,0,0,0,0,0,0,0
611,5543,1,164,4,7,38,1,0,1,0,1,1,0,0,0,0,0,1
612,5549,1,273,8,2,16,0,0,1,0,0,0,0,0,0,0,0,0
613,5557,0,170,16,1,16,0,0,1,0,0,0,0,0,0,0,0,0
614,5560,1,236,8,12,44,1,1,2,0,3,2,0,0,0,0,1,2
615,5570,1,93,14,3,28,1,0,0,0,1,1,0,0,0,0,0,1
616,5575,0,84,6,1,6,0,0,0,0,0,0,0,0,0,0,1,0
617,5582,0,29,10,1,10,0,0,0,0,0,0,0,0,0,0,0,0
618,5605,0,76,20,1,20,0,0,0,0,0,0,1,0,0,0,0,1
619,5610,1,297,34,12,94,1,0,7,1,2,1,0,0,0,0,0,1
620,5614,0,145,12,1,12,0,0,0,0,0,0,0,0,0,0,0,0
621,5628,0,136,12,2,16,0,1,0,0,0,0,0,0,0,0,0,0
622,5632,1,75,16,1,16,0,0,0,0,0,0,1,0,0,0,1,1
623,5648,1,159,10,3,22,1,0,0,0,0,0,0,0,0,0,0,0
624,5654,1,276,24,2,32,0,0,0,2,0,0,0,0,0,0,0,0
625,5657,0,53,14,1,14,0,0,0,0,0,1,0,0,0,0,0,1
626,5669,1,175,36,1,36,0,0,0,0,0,0,1,0,0,0,0,1
627,5670,0,173,16,8,44,3,1,1,1,1,1,0,0,0,0,0,1
628,5672,1,67,14,1,14,0,0,1,0,0,0,0,0,0,0,0,0
629,5676,1,277,8,1,8,0,0,0,0,0,0,0,0,0,0,0,0
630,5708,1,242,10,1,10,0,0,0,0,0,0,0,0,0,0,0,0
631,5711,1,73,6,1,6,0,0,0,0,0,0,0,0,0,0,0,0
632,5713,1,19,16,1,16,1,0,0,0,0,0,0,0,0,0,0,0
633,5715,1,341,2,3,12,0,0,0,0,0,0,0,0,0,0,0,0
634,5722,1,354,4,12,48,2,2,0,3,0,0,2,0,0,0,0,2
635,5724,1,225,26,11,58,2,1,4,0,1,1,2,0,0,0,0,3
636,5729,1,285,4,9,40,1,0,2,0,0,1,0,0,0,0,0,1
637,5747,1,259,14,2,18,0,0,1,0,0,0,0,0,0,0,0,0
638,5749,1,310,16,8,54,2,0,1,2,1,1,1,0,0,0,0,2
639,5755,0,130,22,2,24,1,1,0,0,0,0,0,0,0,0,1,0
640,5760,1,166,12,1,12,0,0,0,0,0,0,0,0,0,0,0,0
641,5765,1,148,4,5,22,0,0,0,0,2,0,0,0,0,0,1,0
642,5766,1,156,6,5,16,0,0,2,0,0,0,0,0,0,0,0,0
643,5772,1,200,26,1,26,1,0,0,0,0,0,0,0,0,0,0,0
644,5777,1,137,18,2,20,1,0,0,0,0,0,1,0,0,0,0,1
645,5778,1,117,34,1,34,0,0,1,0,0,0,0,0,0,0,0,0
646,5783,1,218,10,2,18,0,0,1,0,0,0,0,0,0,0,0,0
647,5795,0,54,20,1,20,0,0,0,0,1,0,0,0,0,0,0,0
648,5800,1,185,6,2,12,0,0,0,0,0,0,0,0,0,0,0,0
649,5806,1,336,12,7,36,1,0,1,0,3,0,1,0,0,0,0,1
650,5811,1,284,14,10,70,2,1,2,2,1,1,1,1,0,0,0,3
651,5824,0,310,12,2,18,1,0,0,0,0,0,0,0,0,0,0,0
652,5828,1,203,14,1,14,0,1,0,0,0,0,0,0,0,0,0,0
653,5838,1,74,10,1,10,0,0,0,0,0,0,0,0,0,0,0,0
654,5845,1,238,24,3,36,0,0,0,2,0,0,1,0,0,0,0,1
655,5850,1,262,16,1,16,0,0,0,0,0,0,1,0,0,0,0,1
656,5855,1,49,24,1,24,1,0,0,0,0,0,0,0,0,0,0,0
657,5856,0,295,30,2,34,0,0,0,0,2,0,0,0,0,0,0,0
658,5870,0,81,16,1,16,0,0,0,1,0,0,0,0,0,0,1,0
659,5880,1,305,10,2,12,0,0,0,0,0,0,0,0,0,0,0,0
660,5885,1,254,32,1,32,1,0,0,0,0,0,0,0,0,0,0,0
661,5893,0,159,20,2,24,0,0,0,1,0,1,0,0,0,0,0,1
662,5894,0,287,4,1,4,0,0,0,0,0,0,0,0,0,0,0,0
663,5897,1,194,30,1,30,1,0,0,0,0,0,0,0,0,0,0,0
664,5899,1,98,12,6,38,1,0,2,0,1,0,1,0,0,0,0,1
665,5902,1,351,10,9,62,2,1,2,1,0,2,0,1,0,2,1,5
666,5903,1,156,10,5,34,1,0,1,1,0,1,0,0,0,0,0,1
667,5906,1,277,10,3,22,1,0,1,0,0,0,0,0,0,0,0,0
668,5907,0,160,24,10,50,2,0,1,2,1,1,3,0,0,0,0,4
669,5911,0,215,16,1,16,0,0,1,0,0,0,0,0,0,0,0,0
670,5912,1,399,14,8,48,0,0,2,0,1,2,3,1,1,1,1,8
671,5913,1,68,4,1,4,0,0,0,0,0,0,0,0,0,0,0,0
672,5915,1,303,16,2,22,0,0,1,0,0,1,0,0,0,0,0,1
673,5916,0,156,2,3,12,0,0,0,0,0,0,0,0,0,0,0,0
674,5924,1,191,22,2,24,0,0,1,1,0,0,0,0,0,0,0,0
675,5931,1,32,16,1,16,0,1,0,0,0,0,0,0,0,0,0,0
676,5935,1,93,14,2,16,0,0,1,0,0,1,0,0,0,0,0,1
677,5943,0,266,32,2,40,0,0,0,2,0,0,0,0,0,0,0,0
678,5957,1,296,14,1,14,0,0,1,0,0,0,0,0,0,0,0,0
679,5982,0,63,14,1,14,0,1,0,0,0,0,0,0,0,0,0,0
680,6003,1,132,2,1,2,0,0,0,0,0,0,0,0,0,0,0,0
681,6013,1,143,14,1,14,0,0,0,0,0,0,0,0,0,0,1,0
682,6018,1,294,16,1,16,0,0,0,1,0,0,0,0,0,0,0,0
683,6025,0,17,4,1,4,0,0,0,0,0,0,0,0,0,0,1,0
684,6037,0,422,26,12,82,2,2,3,0,1,1,3,2,0,0,0,6
685,6044,0,340,14,10,70,2,2,1,1,1,1,2,0,0,0,0,3
686,6058,1,139,10,1,10,0,0,0,0,0,0,0,0,0,0,0,0
687,6059,1,53,14,1,14,0,0,1,0,0,0,0,0,0,0,0,0
688,6067,1,39,14,1,14,0,0,1,0,0,0,0,0,0,0,0,0
689,6069,1,113,8,2,14,0,0,1,0,0,0,0,0,0,0,0,0
690,6082,0,307,18,4,28,1,0,1,0,1,1,0,0,0,0,0,1
691,6084,0,104,6,5,18,1,0,0,0,0,1,1,0,0,0,0,2
692,6093,1,184,6,1,6,0,0,0,0,0,0,0,0,0,0,0,0
693,6096,1,245,14,1,14,0,0,1,0,0,0,0,0,0,0,0,0
694,6097,1,204,6,2,12,0,0,0,0,0,0,0,0,0,0,0,0
695,6101,1,292,4,5,28,1,0,2,0,0,0,1,1,0,0,0,2
696,6102,1,158,16,7,44,0,2,1,2,0,0,2,1,0,0,0,3
697,6110,1,374,2,10,26,2,1,0,0,0,0,0,0,0,0,1,0
698,6113,0,284,4,2,8,0,0,0,0,0,0,0,0,0,0,0,0
699,6114,1,216,2,2,8,0,0,0,0,0,0,0,0,0,0,0,0
700,6118,0,202,16,2,18,0,0,2,0,0,0,0,0,0,0,0,0
701,6123,1,251,16,1,16,1,0,0,0,0,0,0,0,0,0,0,0
702,6134,1,206,14,4,28,0,0,2,0,1,1,0,0,0,0,1,1
703,6140,1,66,32,1,32,1,0,0,0,0,0,0,0,0,0,0,0
704,6153,1,301,16,1,16,0,0,1,0,0,0,0,0,0,0,0,0
705,6167,1,280,6,1,6,0,0,0,0,0,0,0,0,0,0,0,0
706,6168,1,327,12,10,66,2,1,3,1,0,0,2,0,0,0,0,2
707,6174,0,15,34,1,34,0,0,0,1,0,0,0,0,0,0,0,0
708,6177,1,413,30,11,54,2,1,1,0,4,2,1,0,0,0,1,3
709,6183,1,83,4,5,26,0,0,2,0,0,1,0,0,0,0,0,1
710,6192,1,248,12,1,12,0,0,0,0,0,0,0,0,0,0,0,0
711,6196,1,49,12,3,26,0,1,1,0,0,0,0,0,0,0,0,0
712,6201,1,273,10,1,10,0,0,0,0,0,0,0,0,0,0,0,0
713,6208,1,384,14,11,70,1,3,0,1,1,4,1,0,0,0,1,5
714,6219,0,159,4,10,46,2,1,1,2,0,2,1,0,0,0,0,3
715,6222,0,275,10,4,18,2,1,0,0,0,0,0,0,0,0,0,0
716,6223,0,411,28,8,76,1,0,3,1,1,1,1,0,0,0,0,2
717,6235,1,76,6,1,6,0,0,0,0,0,0,0,0,0,0,0,0
718,6243,1,219,2,1,2,0,0,0,0,0,0,0,0,0,0,0,0
719,6246,1,367,20,8,44,2,0,2,1,1,0,2,0,0,0,0,2
720,6249,1,191,20,8,44,3,1,2,0,1,1,0,0,0,0,0,1
721,6256,0,49,16,3,22,1,0,0,1,0,1,0,0,0,0,0,1
722,6257,0,330,4,4,14,0,1,0,0,0,0,0,0,0,0,0,0
723,6275,1,293,14,11,56,3,1,3,2,1,1,0,0,0,0,0,1
724,6280,1,279,28,1,28,0,0,0,0,0,1,0,0,0,0,0,1
725,6286,1,98,2,1,2,0,0,0,0,0,0,0,0,0,0,0,0
726,6289,0,358,6,10,50,1,2,0,1,1,1,0,0,1,1,0,3
727,6291,1,325,12,2,18,1,0,0,0,0,0,0,0,0,0,0,0
728,6292,1,243,14,1,14,0,0,0,0,0,0,0,0,0,0,0,0
729,6299,0,276,22,4,40,1,0,3,0,0,0,0,0,0,0,0,0
730,6304,1,91,2,6,28,0,0,0,0,1,0,1,0,0,0,0,1
731,6307,1,211,34,8,70,1,0,3,1,2,1,0,0,0,0,0,1
732,6309,1,69,8,3,20,0,0,0,0,0,0,2,0,0,0,0,2
733,6312,1,350,4,7,38,2,0,3,1,0,0,0,0,0,0,0,0
734,6317,1,234,8,8,40,0,2,0,0,0,3,2,0,0,0,1,5
735,6325,1,323,12,2,18,0,0,1,0,0,0,0,0,0,0,0,0
736,6346,1,338,14,3,30,1,1,0,1,0,0,0,0,0,0,0,0
737,6347,0,231,20,2,26,0,0,1,0,0,0,1,0,0,0,0,1
738,6348,1,128,14,1,14,0,0,0,0,0,1,0,0,0,0,0,1
739,6369,1,243,12,2,18,1,0,0,0,0,0,0,0,0,0,0,0
740,6381,0,98,4,1,4,0,0,0,0,0,0,0,0,0,0,0,0
741,6389,0,139,6,1,6,0,0,0,0,0,0,0,0,0,0,0,0
742,6391,1,56,8,1,8,0,0,0,0,0,0,0,0,0,0,0,0
743,6396,1,190,10,1,10,0,0,0,0,0,0,0,0,0,0,0,0
744,6397,1,298,12,6,24,0,1,1,0,1,2,0,0,0,0,0,2
745,6399,1,219,14,12,52,5,0,2,2,1,1,1,0,0,0,0,2
746,6402,1,49,34,1,34,0,0,1,0,0,0,0,0,0,0,0,0
747,6410,0,377,14,12,60,3,2,1,2,1,1,2,0,0,0,0,3
748,6426,0,324,34,4,54,1,0,1,0,0,0,2,1,0,0,0,3
749,6428,1,225,34,1,34,0,0,1,0,0,0,0,0,0,0,0,0
750,6459,0,365,10,12,44,2,2,4,0,1,1,1,0,0,0,1,2
751,6479,1,259,10,2,16,0,0,1,0,0,0,0,0,0,0,0,0
752,6480,0,216,16,11,58,2,1,2,3,2,0,1,0,0,0,0,1
753,6485,1,263,2,1,2,0,0,0,0,0,0,0,0,0,0,0,0
754,6495,0,172,14,7,36,0,0,0,0,1,2,3,0,0,0,1,5
755,6496,0,318,2,3,14,0,0,0,0,0,1,0,0,0,0,0,1
756,6507,0,304,28,2,32,0,0,1,0,1,0,0,0,0,0,0,0
757,6521,1,100,10,1,10,0,0,0,0,0,0,0,0,0,0,0,0
758,6540,1,230,14,1,14,1,0,0,0,0,0,0,0,0,0,0,0
759,6549,1,148,16,1,16,0,0,0,0,0,1,0,0,0,0,0,1
760,6551,1,396,12,9,44,1,1,2,0,0,1,2,0,0,0,1,3
761,6553,0,282,10,12,66,1,1,2,1,1,2,3,0,0,0,1,5
762,6564,1,235,12,11,36,3,2,2,2,0,0,1,0,0,0,0,1
763,6586,1,206,12,1,12,0,0,0,0,0,0,0,0,0,0,0,0
764,6588,1,191,14,2,20,1,0,0,0,1,0,0,0,0,0,0,0
765,6589,0,58,4,1,4,0,0,0,0,0,0,0,0,0,0,0,0
766,6596,1,325,16,2,18,0,0,2,0,0,0,0,1,0,0,0,1
767,6597,1,109,6,1,6,0,0,0,0,0,0,0,0,0,0,0,0
768,6605,1,191,16,4,24,0,0,2,2,0,0,0,0,0,0,0,0
769,6608,1,40,4,2,8,0,0,0,0,0,0,0,0,0,0,0,0
770,6609,0,127,12,1,12,0,0,0,0,0,0,0,0,0,0,0,0
771,6628,0,162,12,1,12,0,0,0,0,0,0,0,0,0,0,0,0
772,6635,0,260,2,1,2,0,0,0,0,0,0,0,0,0,0,0,0
773,6638,1,91,2,2,8,0,0,0,0,0,0,0,0,0,0,0,0
774,6640,1,264,4,1,4,0,0,0,0,0,0,0,0,0,0,0,0
775,6642,1,310,6,1,6,0,0,0,0,0,0,0,0,0,0,0,0
776,6643,1,225,2,10,52,5,1,2,0,0,0,0,0,0,0,0,0
777,6650,1,95,6,1,6,0,0,0,0,0,0,0,0,0,0,0,0
778,6654,0,243,28,1,28,0,1,0,0,0,0,0,0,0,0,1,0
779,6672,0,53,12,2,18,1,0,0,0,0,0,0,0,0,0,0,0
780,6680,0,210,14,10,60,4,1,3,2,0,0,0,1,0,0,0,1
781,6698,1,320,4,2,8,0,0,0,0,0,0,0,0,0,0,0,0
782,6700,1,342,8,4,22,1,0,1,1,0,0,0,1,0,0,0,1
783,6701,1,195,2,2,6,0,0,0,0,0,0,0,0,0,0,0,0
784,6703,1,374,10,5,30,2,0,1,1,0,0,0,1,0,0,0,1
785,6708,0,251,12,2,18,1,0,0,0,0,0,0,0,0,0,0,0
786,6713,0,124,2,4,22,0,0,1,1,0,0,0,0,0,0,0,0
787,6718,1,223,8,4,20,0,0,2,0,0,0,0,1,0,0,0,1
788,6721,1,282,10,5,32,1,0,1,1,0,0,1,0,0,0,0,1
789,6724,1,314,10,7,42,0,0,3,0,2,0,1,0,0,0,0,1
790,6725,1,118,16,1,16,0,0,0,0,0,0,1,0,0,0,0,1
791,6726,0,451,6,11,68,2,2,2,0,2,0,0,1,1,0,0,2
792,6727,1,242,14,2,20,0,0,1,0,0,0,0,0,0,0,0,0
793,6731,1,143,14,7,54,1,0,2,1,0,3,0,1,0,0,0,4
794,6734,1,284,18,7,38,1,0,3,2,0,0,1,0,0,0,0,1
795,6736,0,325,8,3,16,0,0,0,0,0,0,1,0,0,0,0,1
796,6748,0,271,10,1,10,0,0,0,0,0,0,0,0,0,0,1,0
797,6764,0,196,12,1,12,0,0,0,0,0,0,0,0,0,0,0,0
798,6766,0,278,2,1,2,0,0,0,0,0,0,0,0,0,0,0,0
799,6775,1,417,14,12,44,2,1,2,3,1,1,2,0,0,0,0,3
800,6778,1,235,12,8,40,2,0,1,0,2,2,0,0,1,1,0,4
801,6786,1,320,16,6,46,2,0,1,2,0,0,1,0,0,0,0,1
802,6794,1,192,12,1,12,0,0,0,0,0,0,0,0,0,0,0,0
803,6801,1,131,14,2,22,1,0,1,0,0,0,0,0,0,0,0,0
804,6814,0,190,18,1,18,0,0,0,1,0,0,0,0,0,0,0,0
805,6818,1,260,6,7,38,1,0,4,1,0,0,0,0,0,0,0,0
806,6828,0,103,14,6,48,2,0,1,1,1,0,1,0,0,0,0,1
807,6839,1,212,6,10,42,1,1,2,0,0,0,2,0,0,0,0,2
808,6840,0,96,12,4,28,1,1,0,0,0,0,1,0,0,0,0,1
809,6845,1,180,14,2,20,0,1,0,0,0,0,0,0,0,0,0,0
810,6850,1,96,28,4,44,2,0,0,0,0,1,1,0,0,0,0,2
811,6856,0,75,14,4,38,2,0,1,0,0,1,0,0,0,0,0,1
812,6859,0,220,16,5,40,0,2,1,1,0,0,1,0,0,0,0,1
813,6867,0,209,2,2,8,0,0,0,0,0,0,0,0,0,0,0,0
814,6888,1,156,16,4,24,1,0,2,1,0,0,0,1,0,0,0,1
815,6889,1,59,30,2,36,1,0,0,0,0,0,1,0,0,0,0,1
816,6890,1,219,12,1,12,0,0,0,0,0,0,0,0,0,0,0,0
817,6891,1,242,6,2,14,0,0,0,1,0,0,0,0,0,0,0,0
818,6909,0,214,12,1,12,0,0,0,0,0,0,0,0,0,0,0,0
819,6910,0,206,32,2,36,0,0,1,0,0,1,0,0,0,0,0,1
820,6911,1,59,16,1,16,0,0,0,1,0,0,0,0,0,0,1,0
821,6914,1,207,2,1,2,0,0,0,0,0,0,0,0,0,0,0,0
822,6916,1,271,10,4,28,1,1,0,0,0,0,1,0,0,0,0,1
823,6917,1,303,10,9,34,2,1,1,2,0,0,2,1,0,0,0,3
824,6922,1,143,4,1,4,0,0,0,0,0,0,0,0,0,0,0,0
825,6930,1,60,14,4,28,0,0,1,0,0,1,1,1,0,1,1,4
826,6940,1,65,12,2,14,1,0,0,0,0,0,0,0,0,0,0,0
827,6947,1,87,22,2,30,1,0,0,0,1,0,0,0,0,0,0,0
828,6951,1,257,34,9,66,2,0,1,2,2,0,2,1,1,0,0,4
829,6965,1,270,16,2,22,0,0,1,0,0,1,0,0,0,0,0,1
830,6966,1,334,4,11,38,1,0,0,0,0,0,2,0,0,0,0,2
831,6971,1,334,4,10,46,1,2,2,1,1,1,0,0,0,0,0,1
832,6977,1,214,16,7,36,2,1,1,0,1,1,1,0,0,0,0,2
833,6978,1,149,14,3,24,0,0,1,1,0,0,1,0,0,0,0,1
834,6987,1,202,12,2,16,0,0,1,0,0,0,0,0,0,0,0,0
835,6990,1,49,2,1,2,0,0,0,0,0,0,0,0,0,0,0,0
836,7009,1,179,10,1,10,0,0,0,0,0,0,0,0,0,0,0,0
837,7010,1,250,14,3,30,0,1,0,0,1,1,0,0,0,0,0,1
838,7012,1,100,16,2,20,2,0,0,0,0,0,0,0,0,0,0,0
839,7027,1,116,10,2,18,1,0,0,0,0,0,0,0,0,0,0,0
840,7038,1,154,14,1,14,1,0,0,0,0,0,0,0,0,0,0,0
841,7044,0,160,12,8,40,1,1,3,0,0,1,1,0,0,0,0,2
842,7052,0,201,10,1,10,0,0,0,0,0,0,0,0,0,0,0,0
843,7059,1,110,6,3,20,0,0,1,0,0,0,0,0,0,0,0,0
844,7064,1,61,14,1,14,0,0,0,1,0,0,0,0,0,0,0,0
845,7076,1,271,30,6,46,0,1,2,1,1,0,1,0,0,0,0,1
846,7078,1,388,12,8,54,2,1,1,0,1,1,1,0,0,0,0,2
847,7079,1,345,20,11,84,1,0,1,0,2,3,4,0,0,0,1,7
848,7090,1,403,24,9,64,2,1,2,1,1,1,1,0,0,0,0,2
849,7094,1,157,12,6,38,0,0,2,1,0,1,0,1,0,1,0,3
850,7098,1,176,8,1,8,0,0,0,0,0,0,0,0,0,0,0,0
851,7103,1,247,34,1,34,0,0,0,0,0,0,1,0,0,0,0,1
852,7105,1,59,22,1,22,0,0,0,0,0,0,1,0,0,0,0,1
853,7107,1,202,8,11,32,1,0,1,1,0,1,3,0,0,0,1,4
854,7116,0,272,20,7,40,2,1,2,0,0,0,2,0,0,0,0,2
855,7120,0,311,28,8,60,3,0,2,0,2,1,0,0,0,0,0,1
856,7122,0,364,10,5,24,1,0,1,0,0,0,1,0,0,0,1,1
857,7150,1,301,12,1,12,0,0,0,0,0,0,0,0,0,0,0,0
858,7157,1,68,14,1,14,1,0,0,0,0,0,0,0,0,0,0,0
859,7164,0,254,24,1,24,0,1,0,0,0,0,0,0,0,0,0,0
860,7182,1,296,16,3,32,0,0,3,0,0,0,0,0,0,0,0,0
861,7189,1,145,4,1,4,0,0,0,0,0,0,0,0,0,0,0,0
862,7201,1,248,36,1,36,0,1,0,0,0,0,0,0,0,0,0,0
863,7207,0,140,22,2,28,0,0,1,0,1,0,0,0,0,0,0,0
864,7211,1,336,2,10,24,2,0,0,0,0,1,3,0,0,0,1,4
865,7225,1,121,10,2,16,1,0,0,0,0,0,0,0,0,0,0,0
866,7230,1,161,4,1,4,0,0,0,0,0,0,0,0,0,0,0,0
867,7236,1,97,28,2,34,1,0,0,1,0,0,0,0,0,0,0,0
868,7244,1,302,16,1,16,0,1,0,0,0,0,0,0,0,0,0,0
869,7246,1,146,32,2,38,0,0,2,0,0,0,0,1,0,0,0,1
870,7248,0,384,10,11,34,1,2,1,0,3,2,1,0,0,0,0,3
871,7265,1,431,8,10,60,2,1,3,0,0,0,1,0,0,0,0,1
872,7267,0,359,2,4,14,1,0,0,0,0,0,0,0,0,0,0,0
873,7272,1,160,12,3,22,1,0,0,0,1,0,0,0,1,0,0,1
874,7299,1,115,14,1,14,0,1,0,0,0,0,0,0,0,0,0,0
875,7301,1,186,2,10,36,1,1,2,0,1,2,1,0,0,0,0,3
876,7320,1,455,6,11,50,2,2,3,0,1,0,2,0,0,0,0,2
877,7324,1,310,10,2,14,0,0,0,1,0,0,0,0,0,0,0,0
878,7326,1,233,16,2,20,1,1,0,0,0,0,0,0,0,0,0,0
879,7329,0,292,16,2,22,0,0,2,0,0,0,0,0,0,0,0,0
880,7331,0,121,8,1,8,0,0,0,0,0,0,0,0,0,0,0,0
881,7332,1,246,22,2,24,0,1,1,0,0,0,0,0,0,0,0,0
882,7333,1,233,2,2,8,0,0,0,0,0,0,0,0,0,0,0,0
883,7375,1,330,34,8,76,2,1,2,0,0,2,1,0,0,0,0,3
884,7378,0,292,14,2,22,0,1,0,1,0,0,0,0,0,0,0,0
885,7381,0,239,16,1,16,0,0,1,0,0,0,0,0,0,0,0,0
886,7392,0,145,8,3,16,0,0,0,0,0,1,0,0,0,0,0,1
887,7393,0,176,10,2,18,1,0,0,0,0,0,0,0,0,0,0,0
888,7408,1,264,2,1,2,0,0,0,0,0,0,0,0,0,0,0,0
889,7415,1,139,2,9,44,2,0,1,1,0,0,0,0,0,0,0,0
890,7437,1,239,12,2,14,0,1,0,0,0,0,0,0,0,0,0,0
891,7440,1,136,8,2,12,0,0,0,0,0,0,0,0,0,0,0,0
892,7441,1,29,10,1,10,0,0,0,0,0,0,0,0,0,0,0,0
893,7448,0,294,12,4,28,0,0,2,0,0,0,1,0,0,0,0,1
894,7455,1,233,16,2,18,0,0,0,1,0,0,1,0,0,0,0,1
895,7462,1,208,10,10,58,2,1,2,1,0,1,2,0,0,0,0,3
896,7468,0,228,16,1,16,0,0,0,0,0,1,0,0,0,0,0,1
897,7473,0,69,32,2,38,0,0,0,0,1,1,0,0,0,0,0,1
898,7474,1,332,4,11,36,0,0,1,2,1,1,2,0,0,0,0,3
899,7483,1,251,14,2,20,0,2,0,0,0,0,0,0,0,0,0,0
900,7493,0,244,14,10,58,1,2,6,0,0,0,1,0,0,0,0,1
901,7499,1,19,6,1,6,0,0,0,0,0,0,0,0,0,0,0,0
902,7533,1,276,22,10,50,0,1,3,0,2,2,2,0,0,0,0,4
903,7545,1,17,16,1,16,0,0,1,0,0,0,0,0,0,0,0,0
904,7556,0,26,14,1,14,0,0,1,0,0,0,0,0,0,0,0,0
905,7559,1,207,16,1,16,0,0,1,0,0,0,0,0,0,0,0,0
906,7563,1,275,16,4,32,1,1,0,0,0,2,0,0,0,0,0,2
907,7575,1,302,6,12,40,1,1,2,0,0,1,2,0,0,0,0,3
908,7577,1,85,14,1,14,0,0,0,0,0,1,0,0,0,0,0,1
909,7583,1,77,10,2,14,1,0,0,0,0,0,0,0,0,0,0,0
910,7586,1,100,4,1,4,0,0,0,0,0,0,0,0,0,0,0,0
911,7588,1,300,10,3,18,1,0,0,0,0,0,1,0,0,0,0,1
912,7601,0,244,8,2,12,0,0,0,0,0,0,0,0,0,0,0,0
913,7612,0,277,14,1,14,0,0,0,0,1,0,0,0,0,0,0,0
914,7614,1,151,4,1,4,0,0,0,0,0,0,0,0,0,0,0,0
915,7615,1,302,12,11,72,1,1,2,3,1,1,1,1,0,0,0,3
916,7635,1,284,2,1,2,0,0,0,0,0,0,0,0,0,0,0,0
917,7636,1,199,10,9,62,0,2,3,1,1,0,1,0,0,0,0,1
918,7653,1,60,32,2,40,0,0,0,0,1,0,1,0,0,0,0,1
919,7661,0,171,2,2,8,0,0,0,0,0,0,0,0,0,0,0,0
920,7662,0,305,2,2,10,0,0,0,0,0,0,0,0,0,0,0,0
921,7666,1,400,14,9,56,1,0,2,2,0,2,2,1,0,0,0,5
922,7679,0,229,16,2,22,0,0,0,0,1,1,0,0,0,0,1,1
923,7680,0,280,24,1,24,0,1,0,0,0,0,0,0,0,0,0,0
924,7699,1,319,16,5,32,0,1,1,0,0,1,2,0,0,0,1,3
925,7707,1,292,12,1,12,0,0,0,0,0,0,0,0,0,0,0,0
926,7708,0,451,14,11,80,1,2,5,0,0,1,2,0,0,0,0,3
927,7713,1,129,14,2,20,0,2,0,0,0,0,0,0,0,0,0,0
928,7714,1,238,2,10,40,0,0,3,1,1,0,2,0,0,0,0,2
929,7721,0,42,6,2,10,0,0,0,0,0,0,0,0,0,0,1,0
930,7726,0,151,16,2,22,0,0,1,0,1,0,0,0,0,0,0,0
931,7730,1,67,30,2,36,0,0,0,1,0,1,0,0,0,1,0,2
932,7733,1,158,2,2,8,0,0,0,0,0,0,0,0,0,0,0,0
933,7739,0,173,6,3,22,0,0,0,1,0,0,1,0,0,0,0,1
934,7740,1,259,4,2,8,0,0,0,0,0,0,0,0,0,0,0,0
935,7742,1,335,4,4,26,0,1,0,0,0,1,1,0,0,0,0,2
936,7745,1,41,18,2,20,0,1,0,0,0,1,0,0,0,0,0,1
937,7746,1,84,6,2,12,0,0,0,0,0,0,0,0,0,0,0,0
938,7760,1,279,12,1,12,0,0,0,0,0,0,0,0,0,0,0,0
939,7761,1,368,6,9,42,1,2,1,0,1,0,1,0,0,0,1,1
940,7766,1,242,34,3,42,2,0,0,0,0,0,1,0,0,0,0,1
941,7771,1,18,24,1,24,0,0,0,0,1,0,0,0,0,0,0,0
942,7776,1,400,2,12,62,2,1,2,0,1,1,4,0,0,0,0,5
943,7780,0,400,10,7,32,0,0,1,1,0,1,3,1,0,1,1,6
944,7784,0,215,2,6,16,0,0,1,0,0,0,0,0,0,0,1,0
945,7806,1,214,6,3,20,0,0,1,0,0,0,0,0,0,0,0,0
946,7810,1,250,4,2,12,0,0,0,0,0,0,0,0,0,0,0,0
947,7817,1,66,2,2,6,0,0,0,0,0,0,0,0,0,0,0,0
948,7821,1,70,8,4,22,1,0,0,2,0,0,0,0,0,0,0,0
949,7824,0,138,34,2,36,1,0,0,0,1,0,0,0,0,0,0,0
950,7836,0,33,4,2,8,0,0,0,0,0,0,0,0,0,0,0,0
951,7857,1,246,12,9,44,1,1,2,1,0,1,2,1,0,1,1,5
952,7859,1,351,2,8,44,1,0,2,0,1,0,1,0,0,0,0,1
953,7865,1,198,12,6,34,2,0,1,1,0,0,1,0,0,0,0,1
954,7874,1,69,22,1,22,1,0,0,0,0,0,0,0,0,0,0,0
955,7884,0,414,2,9,24,1,0,0,0,1,1,1,0,0,0,1,2
956,7899,1,67,14,1,14,0,0,0,0,0,1,0,0,0,0,0,1
957,7907,0,78,4,1,4,0,0,0,0,0,0,0,0,0,0,0,0
958,7914,0,279,20,6,44,0,1,0,0,2,1,2,0,1,1,1,5
959,7921,1,190,6,6,42,0,1,0,0,0,0,1,0,0,0,0,1
960,7933,1,248,28,1,28,1,0,0,0,0,0,0,0,0,0,0,0
961,7940,0,425,12,10,64,1,0,3,1,2,1,1,2,1,1,0,6
962,7942,1,84,24,1,24,0,0,0,1,0,0,0,0,0,0,0,0
963,7943,1,302,2,1,2,0,0,0,0,0,0,0,0,0,0,1,0
964,7949,1,347,4,4,14,0,0,0,1,0,0,0,0,0,0,0,0
965,7953,0,225,14,4,34,0,1,1,1,0,1,0,0,0,0,0,1
966,7958,0,271,2,6,34,1,0,1,1,1,0,0,0,0,0,0,0
967,7960,1,128,30,1,30,1,0,0,0,0,0,0,0,0,0,0,0
968,7971,1,182,16,5,42,2,0,0,0,1,1,1,0,0,0,0,2
969,7973,1,299,12,7,38,1,2,1,0,1,0,0,0,0,0,0,0
970,7981,1,277,14,11,68,1,1,1,1,2,0,4,0,0,0,0,4
971,7992,1,197,16,12,60,3,2,1,0,2,1,3,0,2,0,0,6
972,8001,1,167,14,3,24,0,1,1,0,1,0,0,1,0,0,0,1
973,8005,1,231,12,2,14,0,0,1,0,0,0,0,0,0,0,0,0
974,8008,0,322,24,3,36,0,0,1,0,0,0,2,0,0,0,0,2
975,8016,0,196,18,2,22,0,0,1,0,0,1,0,0,0,1,0,2
976,8019,1,136,10,2,12,0,0,0,0,0,0,0,0,0,0,1,0
977,8022,1,197,2,1,2,0,0,0,0,0,0,0,0,0,0,0,0
978,8026,1,252,32,5,60,2,1,0,0,0,0,2,0,0,0,0,2
979,8032,0,269,16,1,16,1,0,0,0,0,0,0,0,0,0,0,0
980,8048,1,120,2,3,20,1,0,0,0,0,0,0,0,0,0,0,0
981,8060,0,230,14,1,14,0,0,1,0,0,0,0,0,0,0,0,0
982,8076,1,36,8,2,14,0,0,1,0,0,0,0,0,0,0,0,0
983,8090,0,180,8,2,12,0,0,0,0,0,0,0,0,0,0,0,0
984,8095,0,223,22,4,44,1,0,1,1,1,0,0,1,1,0,0,2
985,8097,1,251,16,12,82,3,0,3,3,1,0,2,0,0,0,0,2
986,8099,0,272,10,9,60,1,2,2,0,0,0,3,0,0,0,0,3
987,8106,1,314,10,1,10,0,0,0,0,0,0,0,0,0,0,0,0
988,8123,1,226,28,1,28,0,0,1,0,0,0,0,0,0,0,0,0
989,8142,1,158,14,5,38,1,0,1,1,0,2,0,1,0,1,0,4
990,8152,0,107,30,1,30,0,0,1,0,0,0,0,0,0,0,0,0
991,8159,0,108,14,5,42,2,0,1,1,0,1,0,0,0,0,0,1
992,8167,1,69,20,1,20,0,0,1,0,0,0,0,0,0,0,0,0
993,8177,0,209,4,2,8,0,0,0,0,0,0,0,0,0,0,0,0
994,8199,1,226,4,2,8,0,0,0,0,0,0,0,0,0,0,1,0
995,8201,1,37,6,2,8,0,0,0,0,0,0,0,0,0,0,0,0
996,8234,0,305,10,1,10,0,0,0,0,0,0,0,0,0,0,0,0
997,8235,1,226,32,7,58,2,1,0,1,0,2,1,0,0,1,0,4
998,8242,0,178,14,7,38,0,1,2,2,0,0,2,0,0,0,0,2
999,8245,0,303,10,2,16,1,0,0,0,0,0,0,0,0,0,0,0
1000,8251,1,135,32,2,34,1,0,0,0,0,0,1,0,0,0,0,1
1001,8254,0,238,8,2,12,0,0,0,0,0,0,0,0,0,0,0,0
1002,8275,1,231,6,10,44,1,0,2,2,0,2,1,1,0,0,1,4
1003,8290,0,131,14,1,14,0,0,0,0,1,0,0,0,0,0,0,0
1004,8291,1,217,16,11,82,3,0,3,3,1,1,0,0,0,0,0,1
1005,8294,1,303,12,2,20,1,0,0,0,0,0,0,0,0,0,0,0
1006,8303,1,42,14,1,14,0,0,1,0,0,0,0,0,0,0,0,0
1007,8324,1,382,2,11,30,2,0,3,1,0,0,1,1,0,0,0,2
1008,8339,0,301,4,2,6,0,0,0,0,0,0,0,0,0,0,0,0
1009,8345,1,67,14,1,14,0,0,1,0,0,0,0,0,0,0,0,0
1010,8356,1,284,6,9,50,2,1,3,0,0,0,1,1,0,0,0,2
1011,8361,1,200,10,1,10,0,0,0,0,0,0,0,0,0,0,0,0
1012,8363,1,344,14,9,60,2,3,3,0,0,0,1,0,0,0,0,1
1013,8366,1,252,8,1,8,0,0,0,0,0,0,0,0,0,0,0,0
1014,8373,1,275,16,2,24,0,0,0,0,0,1,1,0,0,0,0,2
1015,8382,1,282,2,1,2,0,0,0,0,0,0,0,0,0,0,0,0
1016,8389,1,126,2,4,18,1,0,0,0,0,0,0,0,0,0,0,0
1017,8399,1,182,6,1,6,0,0,0,0,0,0,0,0,0,0,0,0
1018,8404,0,282,16,1,16,0,0,0,1,0,0,0,0,0,0,1,0
1019,8413,1,140,8,1,8,0,0,0,0,0,0,0,0,0,0,0,0
1020,8418,1,366,34,6,56,1,1,2,0,0,0,2,1,0,0,0,3
1021,8423,1,103,22,2,26,0,0,1,0,0,1,0,0,0,0,0,1
1022,8438,0,344,12,3,22,0,0,2,0,0,0,0,1,0,0,0,1
1023,8447,1,282,10,1,10,0,0,0,0,0,0,0,0,0,0,0,0
1024,8465,1,320,8,9,30,1,1,3,0,0,1,2,0,0,0,1,3
1025,8476,1,87,8,2,10,0,0,0,0,0,0,0,0,0,0,0,0
1026,8485,1,351,8,4,20,1,0,1,0,0,0,1,0,0,0,0,1
1027,8486,1,258,12,1,12,0,0,0,0,0,0,0,0,0,0,0,0
1028,8507,1,134,26,2,28,0,2,0,0,0,0,0,0,0,0,0,0
1029,8511,1,216,8,2,14,0,1,0,0,0,0,0,0,0,0,0,0
1030,8524,1,355,14,8,30,2,0,4,0,1,1,0,0,0,0,0,1
1031,8528,0,455,12,11,66,2,0,3,4,0,0,1,1,0,0,0,2
1032,8540,0,262,10,2,12,0,0,0,0,0,0,0,0,0,0,0,0
1033,8541,1,153,12,7,46,0,0,1,1,3,0,1,0,0,0,0,1
1034,8544,1,246,10,1,10,0,0,0,0,0,0,0,0,0,0,0,0
1035,8546,0,249,14,1,14,0,0,1,0,0,0,0,0,0,0,0,0
1036,8549,1,322,14,2,22,1,0,0,0,1,0,0,0,1,0,1,1
1037,8551,1,177,8,1,8,0,0,0,0,0,0,0,0,0,0,0,0
1038,8554,0,257,10,1,10,0,0,0,0,0,0,0,0,0,0,0,0
1039,8556,1,190,12,1,12,0,0,0,0,0,0,0,0,0,0,0,0
1040,8568,1,281,6,2,12,0,0,0,0,0,0,0,0,0,0,0,0
1041,8569,1,323,26,2,34,1,0,0,0,0,1,0,0,0,0,0,1
1042,8590,1,100,14,2,22,1,0,0,0,0,0,0,0,0,0,0,0
1043,8599,0,322,6,7,34,1,0,2,0,1,0,2,0,0,0,0,2
1044,8606,1,169,12,1,12,0,0,0,0,0,0,0,0,0,0,0,0
1045,8626,0,287,20,2,24,0,1,0,0,0,0,1,0,0,0,0,1
1046,8653,0,372,14,6,40,2,0,2,0,1,0,1,0,0,0,0,1
1047,8658,0,384,34,7,50,3,2,1,0,0,0,1,0,0,0,0,1
1048,8667,0,315,14,6,44,1,0,0,1,2,1,1,0,0,0,0,2
1049,8673,1,183,12,11,62,3,2,3,1,0,0,1,0,0,0,0,1
1050,8676,1,67,30,1,30,0,0,0,0,0,0,1,0,0,0,0,1
1051,8678,1,127,16,2,22,0,0,0,1,0,0,1,0,0,0,0,1
1052,8720,0,348,6,4,22,2,0,0,0,1,0,0,0,0,0,0,0
1053,8722,1,227,26,6,38,1,1,1,0,0,0,3,0,0,0,0,3
1054,8723,1,82,32,1,32,0,0,0,0,0,1,0,0,0,0,0,1
1055,8730,1,201,2,2,4,0,0,0,0,0,0,0,0,0,0,0,0
1056,8738,1,128,2,2,6,0,0,0,0,0,0,0,0,0,0,0,0
1057,8744,1,221,14,2,22,0,0,1,0,0,1,0,0,0,0,0,1
1058,8774,1,192,18,4,36,0,0,3,0,1,0,0,0,0,0,0,0
1059,8784,0,30,12,2,14,0,1,0,0,0,0,0,0,0,0,0,0
1060,8818,0,326,2,4,18,0,1,0,0,0,0,0,0,0,0,0,0
1061,8843,1,116,2,6,28,0,1,1,1,0,1,0,0,0,0,0,1
1062,8900,1,341,12,7,44,1,1,2,1,1,0,0,1,0,0,0,1
1063,8901,1,246,8,7,36,0,2,0,1,1,0,1,0,1,0,0,2
1064,8903,1,280,10,1,10,0,0,0,0,0,0,0,0,0,0,0,0
1065,8907,1,294,6,2,10,0,0,0,0,0,0,0,0,0,0,0,0
1066,8925,1,220,2,1,2,0,0,0,0,0,0,0,0,0,0,0,0
1067,8927,1,293,12,2,16,1,0,0,0,0,0,0,0,0,0,0,0
1068,8953,0,72,8,1,8,0,0,0,0,0,0,0,0,0,0,0,0
1069,8955,0,35,10,2,12,0,0,0,0,0,0,0,0,0,0,0,0
1070,8956,0,82,8,1,8,0,0,0,0,0,0,0,0,0,0,0,0
1071,8958,1,305,8,2,16,0,1,0,0,0,0,0,0,0,0,0,0
1072,8968,1,300,18,2,24,1,0,1,0,0,0,0,0,0,0,0,0
1073,8976,1,324,2,3,18,0,0,0,0,1,0,0,0,0,0,0,0
1074,8995,1,238,6,1,6,0,0,0,0,0,0,0,0,0,0,0,0
1075,9013,0,104,14,2,16,0,0,2,0,0,0,0,0,0,0,0,0
1076,9019,1,364,32,6,50,1,0,1,0,0,3,1,0,0,0,0,4
1077,9021,0,91,16,1,16,1,0,0,0,0,0,0,0,0,0,0,0
1078,9022,0,81,6,1,6,0,0,0,0,0,0,0,0,0,0,0,0
1079,9026,1,222,12,1,12,0,0,0,0,0,0,0,0,0,0,0,0
1080,9037,1,108,22,7,60,1,1,0,3,0,1,1,0,0,0,0,2
1081,9055,1,400,14,7,38,1,0,0,1,1,1,2,0,0,0,0,3
1082,9068,1,377,4,11,48,0,1,4,0,1,1,1,1,1,1,0,5
1083,9085,1,100,14,5,42,2,0,2,0,1,0,0,1,1,0,0,2
1084,9088,1,393,2,7,26,1,0,0,0,0,2,0,0,0,0,0,2
1085,9103,1,349,14,5,30,0,0,2,1,0,0,1,1,0,0,0,2
1086,9132,1,183,6,3,18,0,0,0,0,0,1,0,0,0,0,1,1
1087,9136,1,30,10,2,18,1,0,0,0,0,0,0,0,0,0,0,0
1088,9137,0,234,12,2,18,0,0,0,1,0,0,0,0,0,0,0,0
1089,9145,1,252,8,1,8,0,0,0,0,0,0,0,0,0,0,0,0
1090,9147,1,256,16,2,20,1,0,0,0,0,1,0,0,0,0,0,1
1091,9153,1,199,12,2,18,0,0,0,1,0,0,0,0,0,0,0,0
1092,9155,1,231,32,10,72,2,0,5,3,0,0,0,0,0,0,0,0
1093,9162,1,321,2,7,34,2,1,1,0,0,2,0,1,0,2,0,5
1094,9172,1,260,14,2,16,1,0,1,0,0,0,0,0,0,0,0,0
1095,9182,0,296,4,4,16,1,0,0,0,0,0,0,0,0,0,0,0
1096,9203,1,53,6,1,6,0,0,0,0,0,0,0,0,0,0,0,0
1097,9208,1,350,20,5,38,1,1,1,2,0,0,0,1,0,0,0,1
1098,9212,1,302,16,1,16,1,0,0,0,0,0,0,0,0,0,0,0
1099,9219,1,67,4,4,14,0,0,1,0,0,0,0,0,0,0,0,0
1100,9229,1,310,32,12,99,2,2,2,2,0,0,4,0,0,0,0,4
1101,9230,0,219,14,5,40,2,1,1,0,0,0,1,0,0,0,0,1
1102,9234,1,221,8,1,8,0,0,0,0,0,0,0,0,0,0,0,0
1103,9246,0,64,10,2,16,0,0,0,0,0,1,0,0,0,0,1,1
1104,9254,0,245,14,2,20,0,0,0,1,0,0,0,0,0,0,0,0
1105,9256,1,311,24,12,70,3,3,3,0,0,1,2,0,0,0,0,3
1106,9260,1,163,10,1,10,0,0,0,0,0,0,0,0,0,0,0,0
1107,9264,0,341,14,5,34,0,2,2,1,0,0,0,1,0,0,0,1
1108,9273,1,267,28,2,36,0,0,1,0,0,1,0,0,0,0,0,1
1109,9283,1,227,24,2,30,1,0,1,0,0,0,0,0,0,0,0,0
1110,9296,1,275,6,4,28,0,0,0,2,1,0,0,0,0,0,0,0
1111,9299,1,192,8,1,8,0,0,0,0,0,0,0,0,0,0,0,0
1112,9304,1,317,2,2,6,0,0,0,0,0,0,0,0,0,0,0,0
1113,9326,0,227,10,1,10,0,0,0,0,0,0,0,0,0,0,0,0
1114,9357,1,215,10,8,42,0,2,1,1,1,1,1,0,0,0,0,2
1115,9363,1,133,16,3,22,1,1,0,0,0,0,1,0,0,0,0,1
1116,9370,1,75,10,2,16,1,0,0,0,0,0,0,0,0,0,0,0
1117,9380,0,193,10,6,28,0,1,1,0,2,1,0,0,0,0,0,1
1118,9400,0,250,6,1,6,0,0,0,0,0,0,0,0,0,0,0,0
1119,9414,0,116,6,5,28,1,0,0,0,1,0,0,0,0,0,1,0
1120,9423,1,193,8,6,20,0,1,2,1,0,0,0,0,0,0,0,0
1121,9440,0,135,8,1,8,0,0,0,0,0,0,0,0,0,0,0,0
1122,9461,1,241,10,1,10,0,0,0,0,0,0,0,0,0,0,0,0
1123,9464,0,264,10,12,58,1,1,4,0,0,1,3,2,0,0,1,6
1124,9477,0,258,2,4,16,1,1,0,0,0,0,0,0,0,0,0,0
1125,9484,0,254,12,9,64,0,2,1,1,0,2,2,1,0,2,1,7
1126,9503,1,136,14,6,46,1,1,1,0,0,2,1,1,0,1,0,5
1127,9507,1,116,4,2,8,0,0,0,0,0,0,0,0,0,0,0,0
1128,9532,0,306,14,1,14,1,0,0,0,0,0,0,0,0,0,0,0
1129,9535,1,123,32,2,40,0,1,0,0,1,0,0,0,0,0,0,0
1130,9536,0,63,20,1,20,0,0,0,1,0,0,0,0,0,0,0,0
1131,9548,1,183,12,2,16,0,1,0,0,0,0,0,0,0,0,0,0
1132,9551,1,228,16,9,46,3,2,3,0,0,1,0,1,0,0,0,2
1133,9564,0,167,12,2,16,0,0,0,1,0,0,0,0,0,0,0,0
1134,9565,1,258,6,2,10,0,0,0,0,0,0,0,0,0,0,0,0
1135,9571,0,321,4,2,12,0,0,0,0,0,0,0,0,0,0,0,0
1136,9586,0,258,20,1,20,0,0,0,0,0,0,1,0,0,0,0,1
1137,9590,1,189,12,2,18,1,0,0,0,0,0,0,0,0,0,0,0
1138,9595,1,162,12,2,16,1,0,0,0,0,0,0,0,0,0,0,0
1139,9611,1,454,30,11,64,3,1,2,0,0,2,3,1,0,1,0,7
1140,9618,0,331,8,11,64,1,1,3,1,0,2,1,0,0,0,1,3
1141,9633,1,217,14,4,28,1,1,1,0,0,1,0,0,0,0,0,1
1142,9634,0,215,14,1,14,0,0,1,0,0,0,0,0,0,0,0,0
1143,9639,1,139,10,1,10,0,0,0,0,0,0,0,0,0,0,0,0
1144,9642,1,208,8,4,28,0,1,0,2,0,0,0,0,0,0,0,0
1145,9650,1,50,8,2,12,0,0,0,0,0,0,0,0,0,0,0,0
1146,9657,1,26,8,1,8,0,0,0,0,0,0,0,0,0,0,0,0
1147,9659,1,265,14,1,14,1,0,0,0,0,0,0,0,0,0,0,0
1148,9676,0,263,16,1,16,0,0,1,0,0,0,0,0,0,0,0,0
1149,9683,1,178,12,2,14,0,1,0,0,0,0,0,0,0,0,0,0
1150,9687,1,304,16,1,16,0,0,0,1,0,0,0,0,0,0,0,0
1151,9688,1,293,16,1,16,0,0,0,0,0,1,0,0,0,0,0,1
1152,9700,1,38,4,1,4,0,0,0,0,0,0,0,0,0,0,0,0
1153,9703,0,20,10,1,10,0,0,0,0,0,0,0,0,0,0,1,0
1154,9709,0,190,16,2,20,0,0,1,0,1,0,0,0,0,0,0,0
1155,9712,1,63,2,2,4,0,0,0,0,0,0,0,0,0,0,0,0
1156,9713,0,129,14,2,22,0,0,0,0,1,1,0,0,0,0,0,1
1157,9720,1,302,14,1,14,0,0,0,0,1,0,0,0,0,0,0,0
1158,9727,1,421,14,12,50,1,1,1,1,3,2,2,0,0,0,0,4
1159,9732,1,396,28,7,50,1,0,2,0,2,1,1,1,1,1,0,5
1160,9736,0,199,32,2,34,0,2,0,0,0,0,0,0,0,0,0,0
1161,9737,1,270,10,1,10,0,0,0,0,0,0,0,0,0,0,0,0
1162,9739,1,185,14,5,42,0,1,2,0,0,0,1,1,0,0,0,2
1163,9764,1,143,8,2,14,0,1,0,0,0,0,0,0,0,0,0,0
1164,9771,1,174,20,2,24,1,0,0,0,1,0,0,0,0,0,0,0
1165,9774,1,397,8,11,70,3,1,1,0,1,2,2,0,0,0,1,4
1166,9781,1,169,28,4,42,1,0,2,1,0,0,0,0,0,0,0,0
1167,9798,1,71,4,1,4,0,0,0,0,0,0,0,0,0,0,0,0
1168,9809,0,251,8,6,36,2,0,0,1,1,1,0,0,0,0,0,1
1169,9810,0,131,12,1,12,0,0,0,0,0,0,0,0,0,0,0,0
1170,9814,0,102,6,1,6,0,0,0,0,0,0,0,0,0,0,1,0
1171,9817,1,85,24,2,32,0,0,1,0,0,0,1,0,0,0,0,1
1172,9828,0,290,8,2,10,0,0,0,0,0,0,0,0,0,0,0,0
1173,9832,1,127,2,2,4,0,0,0,0,0,0,0,0,0,0,0,0
1174,9834,1,153,16,10,36,2,0,4,0,2,1,1,0,0,0,0,2
1175,9835,1,64,2,2,6,0,0,0,0,0,0,0,0,0,0,0,0
1176,9836,1,240,8,1,8,0,0,0,0,0,0,0,0,0,0,0,0
1177,9839,0,303,12,1,12,0,0,0,0,0,0,0,0,0,0,1,0
1178,9850,1,226,12,10,44,1,1,3,1,0,1,2,1,0,1,0,5
1179,9856,0,227,16,1,16,0,0,0,0,0,1,0,0,0,0,0,1
1180,9883,1,243,26,9,56,1,2,2,1,0,0,3,0,0,0,0,3
1181,9888,1,108,2,2,4,0,0,0,0,0,0,0,0,0,0,0,0
1182,9894,0,224,12,2,16,1,0,0,0,0,0,0,0,0,0,0,0
1183,9899,1,234,14,1,14,0,0,0,0,0,1,0,0,0,0,0,1
1184,9923,1,269,24,1,24,1,0,0,0,0,0,0,0,0,0,0,0
1185,9925,1,76,14,1,14,0,0,0,1,0,0,0,0,0,0,0,0
1186,9933,1,309,34,2,40,0,1,0,1,0,0,0,0,0,0,0,0
1187,9934,1,88,10,1,10,0,0,0,0,0,0,0,0,0,0,0,0
1188,9953,0,142,16,8,34,2,0,4,1,0,1,0,1,0,0,0,2
1189,9961,1,316,10,2,14,0,0,1,0,0,0,0,0,0,0,0,0
1190,9967,1,213,16,7,54,2,0,3,0,0,1,1,0,0,0,0,2
1191,9969,1,76,6,2,12,0,0,0,0,0,0,0,0,0,0,0,0
1192,9980,1,129,22,1,22,0,0,1,0,0,0,0,0,0,0,0,0
1193,9985,1,331,14,8,30,2,0,2,2,2,0,0,1,1,0,0,2
1194,9997,1,199,14,5,34,3,0,1,0,0,1,0,0,0,0,0,1
1195,10002,1,365,12,6,46,2,1,0,0,0,0,2,0,0,0,0,2
1196,10012,1,80,18,2,24,1,0,1,0,0,0,0,0,0,0,0,0
1197,10015,0,208,6,2,12,0,0,0,0,0,0,0,0,0,0,1,0
1198,10016,1,46,14,2,20,1,0,0,1,0,0,0,0,0,0,0,0
1199,10037,1,200,4,2,10,0,0,0,0,0,0,0,0,0,0,0,0
1200,10038,0,406,4,12,68,3,2,2,2,1,0,0,1,0,0,0,1
1201,10045,0,311,2,9,24,1,1,2,0,1,0,0,0,0,0,1,0
1202,10047,1,458,6,11,48,3,0,1,1,1,2,0,1,0,1,0,4
1203,10056,0,312,14,2,20,1,0,0,0,0,0,0,0,0,0,1,0
1204,10059,1,203,2,2,6,0,0,0,0,0,0,0,0,0,0,1,0
1205,10064,1,79,30,2,34,0,0,1,0,0,0,1,0,0,0,0,1
1206,10066,1,170,32,8,54,2,1,0,2,1,0,2,0,0,0,0,2
1207,10093,1,461,10,11,66,3,0,2,2,0,1,1,0,0,0,0,2
1208,10099,1,210,30,2,34,0,1,0,0,0,1,0,0,0,1,0,2
1209,10115,1,247,12,2,18,1,0,0,0,0,0,0,0,0,0,0,0
1210,10131,0,247,14,3,22,1,0,1,0,0,1,0,0,0,0,0,1
1211,10165,1,312,12,1,12,0,0,0,0,0,0,0,0,0,0,0,0
1212,10169,1,69,4,2,10,0,0,0,0,0,0,0,0,0,0,0,0
1213,10182,0,223,12,11,72,1,1,2,2,1,2,1,0,0,0,0,3
1214,10183,1,99,4,1,4,0,0,0,0,0,0,0,0,0,0,0,0
1215,10190,1,138,8,8,38,2,0,2,1,0,0,0,0,0,0,0,0
1216,10191,1,227,20,2,26,0,0,0,0,0,0,2,0,0,0,0,2
1217,10206,1,415,10,12,68,3,0,2,1,1,2,2,0,0,0,0,4
1218,10207,1,276,32,7,64,1,0,5,0,1,0,0,1,0,0,0,1
1219,10212,1,39,12,1,12,0,0,0,0,0,0,0,0,0,0,0,0
1220,10223,1,165,12,1,12,0,0,0,0,0,0,0,0,0,0,0,0
1221,10226,1,424,12,12,68,4,0,2,0,2,0,3,1,1,0,0,5
1222,10228,1,257,14,3,22,2,1,0,0,0,0,0,0,0,0,0,0
1223,10232,1,325,16,2,18,0,0,0,0,0,1,1,0,0,0,0,2
1224,10238,1,247,14,12,64,2,0,2,1,1,0,5,1,0,0,0,6
1225,10240,1,216,8,2,16,1,0,0,0,0,0,0,0,0,0,0,0
1226,10248,0,193,12,1,12,0,0,0,0,0,0,0,0,0,0,0,0
1227,10254,0,275,24,1,24,1,0,0,0,0,0,0,0,0,0,0,0
1228,10278,1,184,4,1,4,0,0,0,0,0,0,0,0,0,0,0,0
1229,10285,1,303,18,2,22,0,0,0,1,0,0,1,0,0,0,0,1
1230,10286,1,80,10,2,18,1,0,0,0,0,0,0,0,0,0,0,0
1231,10289,1,263,16,2,22,0,0,1,1,0,0,0,0,0,0,0,0
1232,10291,1,73,16,2,24,0,0,0,1,0,0,1,0,0,0,0,1
1233,10293,1,46,8,1,8,0,0,0,0,0,0,0,0,0,0,0,0
1234,10295,1,263,10,3,24,0,0,0,0,1,0,0,0,0,0,0,0
1235,10314,1,282,10,7,28,0,2,1,1,1,1,0,0,0,0,0,1
1236,10330,0,17,4,1,4,0,0,0,0,0,0,0,0,0,0,0,0
1237,10340,1,407,14,8,34,1,1,1,1,1,1,2,0,0,0,0,3
1238,10351,1,192,18,6,38,1,0,3,1,0,0,1,0,0,0,0,1
1239,10356,0,233,8,2,14,1,0,0,0,0,0,0,0,0,0,0,0
1240,10365,1,359,12,12,78,2,1,2,1,2,1,2,1,1,1,0,6
1241,10370,1,300,12,2,18,1,0,0,0,0,0,0,0,0,0,0,0
1242,10372,1,154,16,8,36,3,2,0,0,1,2,0,0,0,0,0,2
1243,10386,1,195,10,1,10,0,0,0,0,0,0,0,0,0,0,0,0
1244,10392,1,187,6,11,38,2,0,3,2,0,0,1,1,0,0,1,2
1245,10403,1,314,12,2,16,1,0,0,0,0,0,0,0,0,0,0,0
1246,10414,1,268,12,2,16,1,0,0,0,0,0,0,0,0,0,0,0
1247,10420,1,123,2,2,8,0,0,0,0,0,0,0,0,0,0,0,0
1248,10444,1,156,16,2,18,0,0,1,0,1,0,0,0,0,0,0,0
1249,10447,1,226,2,1,2,0,0,0,0,0,0,0,0,0,0,0,0
1250,10449,1,299,12,6,28,1,0,2,1,0,1,0,1,0,1,0,3
1251,10457,1,255,4,1,4,0,0,0,0,0,0,0,0,0,0,0,0
1252,10459,0,323,16,6,44,0,1,1,0,2,2,0,0,0,0,0,2
1253,10477,1,133,6,2,12,0,0,0,0,0,0,0,0,0,0,0,0
1254,10521,0,206,16,4,36,0,0,1,0,1,1,1,0,0,0,0,2
1255,10529,1,310,30,2,36,0,0,0,1,0,1,0,0,0,0,1,1
1256,10530,1,27,20,1,20,0,0,0,0,0,0,1,0,0,0,0,1
1257,10541,1,189,4,11,30,0,1,0,0,0,1,1,0,0,1,1,3
1258,10552,1,364,2,9,42,1,1,0,2,0,0,0,0,0,0,0,0
1259,10570,1,92,8,4,30,0,1,1,0,0,0,1,0,0,0,0,1
1260,10571,0,136,2,2,8,0,0,0,0,0,0,0,0,0,0,1,0
1261,10577,1,167,8,2,14,1,0,0,0,0,0,0,0,0,0,1,0
1262,10583,1,159,10,2,14,0,0,0,0,1,0,0,0,0,0,1,0
1263,10591,0,72,10,1,10,0,0,0,0,0,0,0,0,0,0,0,0
1264,10592,1,41,2,1,2,0,0,0,0,0,0,0,0,0,0,0,0
1265,10602,1,194,10,3,16,0,0,1,0,0,0,0,0,0,0,0,0
1266,10607,0,82,14,2,16,1,0,0,0,0,0,0,0,0,0,0,0
1267,10619,1,132,16,6,30,2,1,0,1,0,1,1,0,0,0,1,2
1268,10653,1,152,16,1,16,0,0,0,0,0,0,1,0,0,0,0,1
1269,10654,0,207,4,11,60,1,1,3,1,2,0,0,1,2,0,0,3
1270,10656,1,313,16,12,62,2,3,0,1,2,1,3,0,0,0,0,4
1271,10669,1,259,14,2,22,0,0,2,0,0,0,0,1,0,0,0,1
1272,10689,1,127,2,3,12,0,0,0,0,0,0,0,0,0,0,0,0
1273,10695,1,346,2,10,52,2,1,2,0,0,2,2,0,0,0,0,4
1274,10696,1,220,2,2,6,0,0,0,0,0,0,0,0,0,0,0,0
1275,10698,0,296,14,1,14,0,0,0,0,0,0,0,0,0,0,0,0
1276,10700,0,116,14,2,20,1,0,1,0,0,0,0,1,0,0,0,1
1277,10709,1,160,18,2,26,0,0,1,0,1,0,0,0,0,0,0,0
1278,10728,1,332,8,7,42,3,0,1,0,0,1,1,1,0,1,0,4
1279,10733,0,207,4,2,12,0,0,0,0,0,0,0,0,0,0,0,0
1280,10740,1,51,36,1,36,0,0,0,1,0,0,0,0,0,0,0,0
1281,10741,1,239,16,1,16,1,0,0,0,0,0,0,0,0,0,0,0
1282,10744,1,72,8,1,8,0,0,0,0,0,0,0,0,0,0,0,0
1283,10749,1,362,2,6,20,1,0,0,0,0,0,1,0,0,0,0,1
1284,10779,1,108,14,1,14,0,0,1,0,0,0,0,0,0,0,0,0
1285,10780,1,97,6,2,12,0,0,0,0,0,0,0,0,0,0,0,0
1286,10783,0,86,2,1,2,0,0,0,0,0,0,0,0,0,0,0,0
1287,10786,0,291,4,7,40,0,2,0,1,0,1,0,0,0,0,1,1
1288,10800,1,262,28,10,80,3,0,2,3,0,1,1,1,0,1,0,4
1289,10806,1,415,12,9,60,1,0,2,2,1,2,0,0,0,0,0,2
1290,10811,1,177,14,1,14,0,0,1,0,0,0,0,0,0,0,0,0
1291,10812,1,174,14,4,28,2,0,0,1,0,1,0,0,0,0,0,1
1292,10820,1,81,12,2,20,1,0,0,0,0,0,0,0,0,0,0,0
1293,10826,1,42,32,2,36,0,0,0,0,0,1,1,0,0,0,0,2
1294,10829,0,318,4,7,44,0,1,2,1,1,1,0,1,1,1,0,4
1295,10832,1,195,16,2,18,1,0,1,0,0,0,0,0,0,0,0,0
1296,10835,1,235,2,10,52,2,2,2,0,0,0,2,0,0,0,1,2
1297,10844,0,72,8,4,20,0,1,1,0,1,0,0,0,0,0,0,0
1298,10845,1,291,14,1,14,1,0,0,0,0,0,0,0,0,0,0,0
1299,10848,1,173,10,1,10,0,0,0,0,0,0,0,0,0,0,0,0
1300,10850,1,193,34,11,82,5,0,3,0,0,2,1,1,0,2,0,6
1301,10869,0,273,2,4,12,0,0,0,0,0,0,0,0,0,0,0,0
1302,10877,1,220,34,2,42,1,0,0,0,1,0,0,0,0,0,0,0
1303,10891,1,306,12,2,18,0,1,0,0,0,0,0,0,0,0,0,0
1304,10899,1,136,10,3,26,1,0,1,0,0,0,0,0,0,0,0,0
1305,10909,1,375,8,9,38,2,1,0,1,1,1,1,0,0,0,0,2
1306,10915,1,52,8,2,10,0,0,0,0,0,0,0,0,0,0,0,0
1307,10918,0,338,6,8,54,1,2,2,1,0,1,0,1,0,0,0,2
1308,10919,0,310,16,2,18,0,0,1,0,0,0,1,0,0,0,0,1
1309,10928,1,95,32,2,40,0,0,0,1,0,1,0,0,0,1,0,2
1310,10934,1,203,2,2,4,0,0,0,0,0,0,0,0,0,0,0,0
1311,10935,1,152,12,2,18,0,1,0,0,0,0,0,0,0,0,0,0
1312,10936,1,178,8,2,12,0,0,0,0,0,0,0,0,0,0,0,0
1313,10950,0,270,4,2,6,0,0,0,0,0,0,0,0,0,0,1,0
1314,10952,1,202,4,12,72,1,1,0,1,2,2,0,0,0,0,1,2
1315,10955,0,293,10,1,10,0,0,0,0,0,0,0,0,0,0,0,0
1316,10956,1,207,24,2,30,1,1,0,0,0,0,0,0,0,0,0,0
1317,10957,1,263,12,2,20,0,0,1,0,0,0,0,0,0,0,0,0
1318,10960,0,67,10,1,10,0,0,0,0,0,0,0,0,0,0,0,0
1319,10963,1,295,10,1,10,0,0,0,0,0,0,0,0,0,0,0,0
1320,10964,1,175,14,11,68,2,3,3,2,1,0,0,0,0,0,0,0
1321,10978,1,294,10,3,22,0,0,1,1,0,0,0,0,0,0,0,0
1322,10999,1,268,8,1,8,0,0,0,0,0,0,0,0,0,0,0,0
1323,11007,1,39,30,1,30,0,0,1,0,0,0,0,0,0,0,0,0
1324,11009,1,94,10,1,10,0,0,0,0,0,0,0,0,0,0,0,0
1325,11010,0,216,2,9,46,2,1,2,0,2,0,1,1,1,0,0,3
1326,11012,0,97,20,1,20,0,0,1,0,0,0,0,0,0,0,0,0
1327,11045,1,24,14,1,14,0,0,1,0,0,0,0,0,0,0,0,0
1328,11050,0,334,2,7,26,0,0,3,1,0,0,0,1,0,0,0,1
1329,11055,1,329,2,2,6,0,0,0,0,0,0,0,0,0,0,0,0
1330,11061,0,313,12,2,20,0,0,1,0,0,0,0,0,0,0,0,0
1331,11064,1,240,16,1,16,1,0,0,0,0,0,0,0,0,0,0,0
1332,11065,1,432,16,9,38,0,2,5,1,0,0,1,0,0,0,0,1
1333,11076,0,54,16,1,16,0,0,0,0,0,1,0,0,0,0,0,1
1334,11088,1,116,12,1,12,0,0,0,0,0,0,0,0,0,0,0,0
1335,11097,1,305,30,1,30,0,0,0,0,1,0,0,0,0,0,0,0
1336,11111,1,134,12,1,12,0,0,0,0,0,0,0,0,0,0,0,0
1337,11113,1,101,16,2,22,0,0,1,0,1,0,0,0,0,0,0,0
1338,11118,1,318,6,2,14,1,0,0,0,0,0,0,0,0,0,0,0
1339,11124,1,347,20,9,60,1,2,2,1,2,1,0,0,0,0,0,1
1340,11131,1,55,12,1,12,0,0,0,0,0,0,0,0,0,0,0,0
1341,11133,1,71,2,2,4,0,0,0,0,0,0,0,0,0,0,0,0
1342,11138,1,292,12,1,12,0,0,0,0,0,0,0,0,0,0,0,0
1343,11150,1,37,28,2,32,0,0,0,0,1,1,0,0,0,0,0,1
1344,11179,1,133,16,4,36,1,0,1,1,0,0,1,0,0,0,0,1
1345,11186,1,152,4,1,4,0,0,0,0,0,0,0,0,0,0,0,0
1346,11203,1,112,4,1,4,0,0,0,0,0,0,0,0,0,0,0,0
1347,11216,1,179,16,3,34,0,1,2,0,0,0,0,0,0,0,0,0
1348,11220,0,23,14,1,14,0,0,0,0,1,0,0,0,0,0,0,0
1349,11234,0,337,10,10,66,3,1,2,0,0,1,2,0,0,0,0,3
1350,11249,1,109,2,1,2,0,0,0,0,0,0,0,0,0,0,1,0
1351,11274,1,21,14,1,14,0,0,1,0,0,0,0,0,0,0,0,0
1352,11289,0,160,6,5,22,0,0,1,1,0,0,0,0,0,0,0,0
1353,11294,1,116,20,5,46,0,1,2,0,1,1,0,1,0,0,0,2
1354,11295,1,135,8,4,22,0,0,2,0,0,1,0,0,0,0,0,1
1355,11311,1,182,10,4,34,1,0,0,2,0,0,0,0,0,0,0,0
1356,11314,1,298,10,1,10,0,0,0,0,0,0,0,0,0,0,0,0
1357,11315,0,316,26,8,72,1,1,1,1,1,2,1,0,0,0,1,3
1358,11342,0,142,14,3,26,1,1,1,0,0,0,0,0,0,0,0,0
1359,11343,1,121,8,1,8,0,0,0,0,0,0,0,0,0,0,0,0
1360,11363,0,118,8,2,16,0,0,1,0,0,0,0,0,0,0,0,0
1361,11370,1,293,8,2,12,0,0,0,0,0,0,0,0,0,0,0,0
1362,11393,1,166,8,11,56,1,3,1,0,2,0,1,0,0,0,0,1
1363,11396,1,269,10,5,32,2,0,1,0,0,0,0,0,0,0,0,0
1364,11401,1,258,6,2,10,0,0,0,0,0,0,0,0,0,0,0,0
1365,11406,0,397,10,9,50,0,1,2,0,0,3,2,0,0,0,1,5
1366,11434,1,199,14,2,18,0,0,0,1,0,1,0,0,0,0,0,1
1367,11439,0,56,14,1,14,0,0,0,0,0,0,0,0,0,0,0,0
1368,11455,1,234,2,1,2,0,0,0,0,0,0,0,0,0,0,0,0
1369,11456,1,185,14,8,54,2,1,1,3,0,0,1,1,0,0,0,2
1370,11457,1,46,10,2,14,1,0,0,0,0,0,0,0,0,0,0,0
1371,11461,1,41,2,2,10,0,0,0,0,0,0,0,0,0,0,0,0
1372,11484,1,34,14,1,14,0,0,0,0,1,0,0,0,0,0,0,0
1373,11486,1,193,14,2,18,1,1,0,0,0,0,0,0,0,0,0,0
1374,11487,1,156,12,1,12,0,0,0,0,0,0,0,0,0,0,0,0
1375,11491,1,216,16,2,18,1,0,0,0,0,0,1,0,0,0,0,1
1376,11495,1,240,10,1,10,0,0,0,0,0,0,0,0,0,0,0,0
1377,11499,1,107,22,1,22,0,0,0,0,0,0,1,0,0,0,0,1
1378,11504,1,232,26,1,26,0,0,1,0,0,0,0,0,0,0,0,0
1379,11520,1,199,22,5,50,0,1,2,0,0,1,1,0,0,0,0,2
1380,11536,0,395,10,11,36,4,2,1,0,0,0,1,1,0,0,0,2
1381,11548,0,201,22,2,28,2,0,0,0,0,0,0,0,0,0,0,0
1382,11550,0,319,22,11,50,2,1,1,4,1,1,1,0,0,0,0,2
1383,11551,1,81,4,2,10,0,0,0,0,0,0,0,0,0,0,1,0
1384,11554,0,79,26,1,26,0,0,0,0,0,0,1,0,0,0,0,1
1385,11558,1,281,2,2,8,0,0,0,0,0,0,0,0,0,0,0,0
1386,11572,1,222,8,1,8,0,0,0,0,0,0,0,0,0,0,0,0
1387,11584,1,73,14,1,14,0,0,1,0,0,0,0,0,0,0,0,0
1388,11586,0,206,14,11,64,2,1,3,2,1,1,1,2,0,0,0,4
1389,11588,1,215,12,1,12,0,0,0,0,0,0,0,0,0,0,0,0
1390,11592,1,140,10,2,14,0,1,0,0,0,0,0,0,0,0,0,0
1391,11608,0,182,12,2,18,0,0,1,0,0,0,0,0,0,0,0,0
1392,11610,1,196,16,4,32,1,2,1,0,0,0,0,0,0,0,0,0
1393,11617,1,99,14,4,32,2,0,1,1,0,0,0,0,0,0,0,0
1394,11620,1,115,4,2,6,0,0,0,0,0,0,0,0,0,0,0,0
1395,11622,1,83,16,1,16,0,0,1,0,0,0,0,0,0,0,0,0
1396,11627,1,287,6,3,22,0,1,0,0,0,0,1,0,0,0,0,1
1397,11635,1,156,14,6,32,2,0,1,1,2,0,0,0,0,0,0,0
1398,11652,1,25,30,1,30,0,0,0,0,0,0,1,0,0,0,0,1
1399,11654,1,60,2,2,10,0,0,0,0,0,0,0,0,0,0,0,0
1400,11655,1,77,4,1,4,0,0,0,0,0,0,0,0,0,0,0,0
1401,11682,1,275,14,3,20,1,0,2,0,0,0,0,1,0,0,0,1
1402,11685,0,314,28,7,62,0,1,4,0,1,1,0,0,0,0,0,1
1403,11697,1,289,12,12,60,1,2,3,1,2,1,1,0,0,0,0,2
1404,11702,1,256,10,9,32,0,1,2,3,0,0,0,0,0,0,0,0
1405,11712,1,140,6,1,6,0,0,0,0,0,0,0,0,0,0,0,0
1406,11720,1,267,16,2,20,1,0,0,0,0,1,0,0,0,0,0,1
1407,11726,0,265,2,2,10,0,0,0,0,0,0,0,0,0,0,0,0
1408,11727,1,100,16,2,20,1,0,0,1,0,0,0,0,0,0,0,0
1409,11730,0,125,14,2,16,0,0,0,0,0,0,1,0,0,0,0,1
1410,11734,1,326,4,2,6,0,0,0,0,0,0,0,0,0,0,0,0
1411,11740,1,197,6,1,6,0,0,0,0,0,0,0,0,0,0,0,0
1412,11741,0,243,14,11,78,3,1,5,0,0,2,0,1,0,1,0,4
1413,11750,1,343,10,11,58,3,2,2,0,1,0,2,0,0,0,0,2
1414,11753,1,152,14,6,36,2,0,0,2,0,0,2,0,0,0,0,2
1415,11788,1,235,18,8,50,1,0,4,1,0,1,1,1,0,0,0,3
1416,11797,1,302,8,1,8,0,0,0,0,0,0,0,0,0,0,0,0
1417,11811,0,281,16,11,40,0,1,2,3,2,2,1,0,0,0,0,3
1418,11813,1,153,12,2,18,0,0,0,1,0,0,0,0,0,0,0,0
1419,11815,1,178,10,2,14,1,0,0,0,0,0,0,0,0,0,0,0
1420,11817,1,219,8,1,8,0,0,0,0,0,0,0,0,0,0,0,0
1421,11826,0,39,4,1,4,0,0,0,0,0,0,0,0,0,0,0,0
1422,11858,1,335,10,12,72,2,1,1,2,1,2,2,0,0,0,1,4
1423,11865,1,370,14,12,68,2,1,3,2,0,1,2,0,0,0,0,3
1424,11867,1,292,36,2,40,0,0,0,0,2,0,0,0,1,0,0,1
1425,11870,0,267,8,10,60,2,0,1,1,1,1,1,0,1,0,1,3
1426,11877,1,80,34,1,34,0,0,0,0,0,0,1,0,0,0,0,1
1427,11878,0,246,10,6,22,1,1,1,1,1,0,0,1,1,0,0,2
1428,11886,0,98,10,1,10,0,0,0,0,0,0,0,0,0,0,1,0
1429,11888,1,65,14,1,14,1,0,0,0,0,0,0,0,0,0,0,0
1430,11889,1,366,10,9,36,0,1,4,0,1,0,1,0,0,0,0,1
1431,11896,1,429,14,11,74,2,1,3,2,1,1,1,0,0,0,0,2
1432,11901,1,161,4,1,4,0,0,0,0,0,0,0,0,0,0,0,0
1433,11923,1,121,16,6,36,0,2,2,2,0,0,0,1,0,0,0,1
1434,11937,1,140,6,1,6,0,0,0,0,0,0,0,0,0,0,0,0
1435,11941,0,257,22,1,22,0,0,0,1,0,0,0,0,0,0,0,0
1436,11943,1,274,16,2,24,0,0,1,0,0,1,0,0,0,0,0,1
1437,11960,1,43,2,2,4,0,0,0,0,0,0,0,0,0,0,1,0
1438,11965,1,62,8,2,12,0,0,0,0,0,0,0,0,0,0,0,0
1439,11967,0,165,14,2,16,1,0,0,1,0,0,0,0,0,0,0,0
1440,11978,1,36,16,2,20,0,0,1,0,0,1,0,0,0,0,0,1
1441,11980,1,319,10,10,70,1,1,0,2,1,1,3,0,0,0,0,4
1442,11994,0,293,12,2,14,1,0,0,0,0,0,0,0,0,0,0,0
1443,11996,1,163,28,2,32,1,0,0,0,0,1,0,0,0,0,0,1
1444,12000,0,270,4,1,4,0,0,0,0,0,0,0,0,0,0,0,0
1445,12006,1,132,34,5,62,2,0,3,0,0,0,0,0,0,0,0,0
1446,12008,1,131,12,5,38,1,0,2,0,0,1,0,0,0,0,0,1
1447,12011,1,274,20,7,52,3,0,1,2,1,0,0,0,0,0,0,0
1448,12014,0,263,10,1,10,0,0,0,0,0,0,0,0,0,0,0,0
1449,12018,1,204,14,12,60,4,1,3,1,0,1,2,2,0,0,0,5
1450,12020,1,218,2,11,26,2,1,1,1,0,0,0,0,0,0,0,0
1451,12026,0,102,16,1,16,0,0,1,0,0,0,0,0,0,0,0,0
1452,12036,0,71,4,2,10,0,0,0,0,0,0,0,0,0,0,0,0
1453,12042,1,152,16,2,22,1,0,1,0,0,0,0,0,0,0,0,0
1454,12064,1,183,8,2,14,0,0,0,1,0,0,0,0,0,0,0,0
1455,12065,1,88,16,2,22,0,0,0,0,0,1,1,0,0,0,0,2
1456,12088,1,145,4,2,8,0,0,0,0,0,0,0,0,0,0,0,0
1457,12092,0,59,14,2,22,1,0,0,1,0,0,0,0,0,0,0,0
1458,12098,1,200,30,4,44,1,1,1,0,0,0,1,1,0,0,0,2
1459,12106,1,199,12,1,12,0,0,0,0,0,0,0,0,0,0,0,0
1460,12108,1,126,4,5,28,3,0,1,0,0,0,0,0,0,0,0,0
1461,12121,1,232,30,1,30,0,0,0,0,0,1,0,0,0,0,0,1
1462,12142,0,415,16,10,70,3,1,1,1,1,0,3,0,0,0,0,3
1463,12149,0,267,10,9,34,2,0,2,1,1,0,2,0,0,0,1,2
1464,12161,0,124,2,1,2,0,0,0,0,0,0,0,0,0,0,0,0
1465,12166,1,254,12,3,26,0,1,1,0,0,0,0,0,0,0,0,0
1466,12183,0,131,14,7,28,3,1,2,0,1,0,0,1,0,0,0,1
1467,12184,0,324,14,2,22,0,0,1,0,0,1,0,0,0,0,0,1
1468,12190,0,128,14,2,20,0,0,0,0,1,0,0,0,0,0,0,0
1469,12192,1,300,4,8,44,1,3,0,0,1,1,0,0,1,1,1,3
1470,12202,1,250,34,12,68,1,1,1,1,2,1,5,0,0,0,0,6
1471,12205,0,215,10,1,10,0,0,0,0,0,0,0,0,0,0,0,0
1472,12232,1,128,10,6,24,0,0,1,1,1,0,1,0,0,0,0,1
1473,12244,0,403,10,9,46,1,1,2,1,0,2,1,0,0,0,1,3
1474,12258,1,171,16,2,18,1,0,0,0,1,0,0,0,0,0,0,0
1475,12262,0,214,2,2,8,0,0,0,0,0,0,0,0,0,0,0,0
1476,12267,1,304,10,1,10,0,0,0,0,0,0,0,0,0,0,0,0
1477,12271,0,160,4,3,10,0,0,0,0,0,0,0,0,0,0,0,0
1478,12272,1,298,8,1,8,0,0,0,0,0,0,0,0,0,0,0,0
1479,12298,1,224,10,6,36,2,0,1,1,0,1,0,0,0,0,0,1
1480,12309,0,444,2,12,60,2,1,3,1,1,2,0,1,0,0,0,3
1481,12320,1,65,14,1,14,0,0,0,0,0,0,0,0,0,0,0,0
1482,12321,0,124,12,2,14,0,0,0,1,0,0,0,0,0,0,0,0
1483,12338,1,280,14,2,22,1,0,1,0,0,0,0,0,0,0,0,0
1484,12344,0,296,10,6,44,1,0,2,1,1,0,0,1,0,0,0,1
1485,12348,0,192,8,2,16,0,0,1,0,0,0,0,0,0,0,1,0
1486,12359,0,279,12,1,12,0,0,0,0,0,0,0,0,0,0,0,0
1487,12361,1,192,14,1,14,0,0,0,0,0,1,0,0,0,0,1,1
1488,12365,1,236,14,1,14,0,1,0,0,0,0,0,0,0,0,0,0
1489,12366,1,270,16,4,36,2,1,1,0,0,0,0,0,0,0,0,0
1490,12384,0,252,14,2,16,1,0,1,0,0,0,0,0,0,0,0,0
1491,12388,0,225,30,1,30,1,0,0,0,0,0,0,0,0,0,0,0
1492,12394,1,147,14,1,14,0,0,0,0,0,1,0,0,0,0,1,1
1493,12400,1,387,30,12,80,2,1,3,2,1,1,2,0,0,0,0,3
1494,12407,0,188,28,2,30,0,1,1,0,0,0,0,0,0,0,0,0
1495,12424,1,23,10,1,10,0,0,0,0,0,0,0,0,0,0,0,0
1496,12427,1,43,16,2,22,1,0,0,0,1,0,0,0,0,0,0,0
1497,12428,0,194,10,6,22,0,0,1,0,2,0,0,1,1,0,1,2
