region,tenure,age,marital,address,income,ed,employ,retire,gender,tollfree,equip,callcard,wireless,longten,tollten,equipten,cardten,wireten,multline,voice,pager,internet,callid,callwait,forward,confer,ebill,churn,custcat
2,13,44,1,9,64,4,5,0,0,0,0,1,0,37.45,0,0,110,0,0,0,0,0,0,0,1,0,0,1,1
3,11,33,1,7,136,5,5,0,0,1,0,1,1,42,211.45,0,125,380.35,0,1,1,0,1,1,1,1,0,1,4
3,68,52,1,24,116,1,29,0,1,1,0,1,0,1300.6,1247.2,0,2150,0,0,0,0,0,1,1,0,1,0,0,3
2,33,33,0,12,33,2,0,0,1,0,0,0,0,288.8,0,0,0,0,0,0,0,0,0,0,0,0,0,1,1
2,23,30,1,9,30,1,2,0,0,0,0,0,0,157.05,0,0,0,0,0,0,0,0,1,0,1,1,0,0,3
2,41,39,0,17,78,2,16,0,1,1,0,1,0,487.4,798.4,0,570,0,0,0,0,0,1,1,0,0,0,0,3
3,45,22,1,2,19,2,4,0,1,0,0,1,0,504.5,0,0,415,0,1,0,0,1,0,1,0,0,1,1,2
2,38,35,0,5,76,2,10,0,0,1,1,1,1,239.55,1873.05,1820.9,880,2256.7,1,1,1,1,1,1,1,1,1,0,4
3,45,59,1,7,166,4,31,0,0,1,0,1,0,449.05,1240.15,0,505,0,1,0,0,0,1,1,1,1,0,0,3
1,68,41,1,21,72,1,22,0,0,0,0,1,0,1659.7,0,0,1155,0,1,0,0,0,0,0,0,0,0,0,2
2,5,33,0,10,125,4,5,0,1,0,1,0,0,17.25,0,110.1,0,0,0,0,1,1,0,0,0,0,1,1,1
3,7,35,0,14,80,2,15,0,1,1,0,1,0,47.45,166.1,0,145,0,0,1,0,0,1,1,1,1,0,0,3
1,41,38,1,8,37,2,9,0,1,0,0,1,0,308.7,0,0,1650,0,0,0,0,0,0,0,0,0,0,0,1
2,57,54,1,30,115,4,23,0,1,1,1,0,1,825.35,2624.25,2590.95,0,3348.85,1,1,1,1,1,1,1,1,1,1,4
2,9,46,0,3,25,1,8,0,1,0,0,0,0,36.8,0,0,0,0,0,0,0,0,0,0,0,0,0,0,1
1,29,38,1,12,75,5,1,0,0,0,1,1,0,146.25,0,780.8,295,0,1,0,0,1,0,0,0,0,0,0,2
3,60,57,0,38,162,2,30,0,0,1,1,1,0,946.9,1767.6,1788.95,1795,0,1,0,0,0,1,1,1,1,0,0,3
3,34,48,0,3,49,2,6,0,1,1,0,0,0,230.8,614.3,0,0,0,0,0,0,0,0,1,1,1,0,0,3
2,1,24,0,3,20,1,3,0,0,0,0,0,0,1.05,0,0,0,0,0,0,0,0,0,0,0,0,0,0,1
1,26,29,1,3,77,4,2,0,0,0,1,1,1,140.95,0,1132.8,610,910.1,1,1,0,1,1,1,1,1,1,1,4
3,6,30,0,7,16,3,1,0,1,0,1,0,1,25.65,0,175.3,0,78.2,1,0,1,1,0,1,0,0,0,1,2
1,68,52,1,17,120,1,24,0,0,0,0,1,0,1391.05,0,0,1505,0,0,0,0,0,0,0,1,0,0,0,1
3,53,33,0,10,101,5,4,0,1,0,1,1,1,253.35,0,2499.8,1340,2645.15,1,1,0,1,0,1,1,1,1,0,4
3,55,48,1,19,67,1,25,0,0,0,0,1,0,810.45,0,0,1390,0,0,0,0,0,0,0,0,0,0,0,1
3,14,43,1,18,36,1,5,0,0,1,0,1,0,153.75,273.75,0,215,0,0,0,0,0,1,1,1,1,0,0,3
2,1,21,0,0,33,2,0,0,1,1,0,1,0,2.2,20.75,0,40.5,0,0,0,0,0,0,1,1,1,0,0,3
2,42,40,0,7,37,2,8,0,1,1,1,1,1,399.15,950.65,1532.9,1190,1562,1,1,0,1,1,1,0,1,1,0,4
3,25,33,1,11,31,1,5,0,0,0,0,0,0,234.95,0,0,0,0,1,0,0,0,1,0,1,0,0,0,3
1,9,21,1,1,17,2,2,0,1,0,0,0,0,25.25,0,0,0,0,0,0,0,0,1,0,0,0,0,0,1
2,13,33,1,9,19,4,0,0,1,0,1,0,0,75.25,0,330.65,0,0,1,0,0,1,0,0,0,1,1,0,2
1,56,37,1,6,36,1,13,0,1,0,1,1,0,582.6,0,1756.35,1005,0,1,0,0,1,0,0,0,0,1,0,2
1,71,53,1,27,155,5,12,0,0,1,0,1,1,1519.2,4064.3,0,2345,3646.9,1,1,0,1,0,0,1,1,1,0,4
1,35,50,1,26,140,2,21,0,1,1,0,1,0,247.55,1068.25,0,1215,0,0,0,0,0,0,1,1,1,0,0,3
1,11,27,1,8,55,5,0,0,0,0,1,0,0,54.1,0,220.4,0,0,1,0,0,1,0,0,0,0,0,0,2
2,60,46,1,13,163,3,24,0,0,1,1,1,1,1947.95,2326.35,2645.85,840,3125.95,1,1,1,1,0,1,1,1,1,0,4
3,20,35,1,11,52,4,0,0,0,0,1,0,0,82.7,0,547.15,0,0,1,0,0,1,0,0,0,0,1,1,2
2,54,60,0,38,211,4,25,0,0,1,1,1,1,1228.7,2102.25,2421.3,2785,2895.85,1,1,1,1,1,0,0,1,1,0,4
1,44,57,1,1,186,2,17,0,0,1,0,1,1,428.25,1379.55,0,1535,1826.7,1,1,0,0,1,1,1,1,0,0,3
1,11,41,1,0,39,1,1,0,1,1,0,1,0,67.8,303.65,0,200,0,0,1,0,0,1,1,1,1,0,1,3
2,72,57,0,34,22,2,35,1,1,1,0,1,0,3043.05,3581,0,1360,0,1,0,0,0,1,1,1,1,0,0,3
3,10,41,0,7,30,1,7,0,0,1,0,1,0,31.25,178.2,0,490,0,0,0,0,0,1,1,1,1,0,0,3
2,15,28,0,0,29,2,4,0,1,1,0,1,0,78,426.05,0,255,0,0,0,0,0,1,1,1,1,0,0,3
2,27,28,1,4,23,2,8,0,0,0,0,0,0,180.15,0,0,0,0,0,0,0,0,1,0,0,0,0,0,1
1,9,36,1,14,62,4,10,0,0,0,1,0,1,43.3,0,386.6,0,364.85,1,1,1,1,0,0,0,1,1,1,4
1,64,43,1,20,76,4,20,0,1,1,0,1,0,897.05,1279.25,0,680,0,1,0,0,0,1,1,0,1,0,0,3
1,65,41,1,3,74,4,16,0,0,0,1,1,0,963.3,0,2263.05,1065,0,1,1,0,1,0,0,0,0,1,0,2
1,49,51,1,27,63,4,19,0,0,1,0,1,0,585.6,1278.45,0,635,0,1,0,0,1,0,1,0,0,1,0,2
3,47,41,1,0,36,4,8,0,0,0,1,1,1,361,0,1717.75,845,1730.4,1,0,1,1,0,1,0,1,1,1,4
3,9,34,1,9,33,2,8,0,1,0,1,0,0,18.9,0,208.55,0,0,0,0,0,0,0,0,0,0,0,1,1
1,5,36,0,14,29,2,9,0,1,1,0,1,1,16.8,154.65,0,60,98.6,0,0,0,1,1,1,1,1,1,1,3
2,30,34,1,4,27,2,1,0,0,0,1,0,0,150.9,0,690.75,0,0,0,0,0,1,0,0,0,0,0,1,1
1,56,52,1,28,49,2,12,0,0,0,0,1,0,1349.05,0,0,1215,0,1,0,0,0,0,0,0,0,0,0,2
3,10,22,0,0,24,4,0,0,0,1,1,1,1,63,222.55,330.4,185,306.3,1,1,1,1,1,1,1,1,1,0,4
1,7,26,1,3,26,2,2,0,0,1,0,0,0,33.7,136.55,0,0,0,0,0,0,0,0,1,0,0,0,0,1
1,52,27,0,6,47,3,5,0,0,1,0,1,0,330.4,942.65,0,725,0,0,0,0,0,1,0,0,0,1,0,1
2,36,45,1,1,94,2,18,0,1,1,1,0,0,258.75,553.8,1043.8,0,0,0,0,1,1,1,0,0,1,0,1,1
3,27,34,0,8,21,3,4,0,1,0,0,0,0,213.45,0,0,0,0,1,0,0,0,0,0,0,0,0,0,2
1,58,62,1,36,27,1,0,0,0,0,0,1,0,967.1,0,0,1910,0,0,0,0,0,0,0,0,0,0,0,1
2,41,52,0,27,30,2,2,0,1,1,0,1,1,447.85,1152,0,800,1036.65,0,0,0,0,1,1,1,1,0,0,3
2,47,40,1,16,127,4,12,0,1,0,1,1,0,909.9,0,1319.7,680,0,1,0,0,1,0,0,0,0,1,0,2
2,55,39,1,15,137,2,20,0,1,1,0,1,0,676.9,1505.2,0,620,0,0,1,0,0,1,1,1,1,0,1,3
2,56,50,1,1,80,2,24,0,1,1,0,1,1,1558.1,3119.45,0,1065,3268.05,1,1,1,0,1,1,1,1,0,0,4
3,35,55,0,24,30,2,2,0,0,0,0,1,0,395.85,0,0,550,0,0,0,0,0,0,0,0,0,0,0,1
2,69,51,1,11,438,4,23,0,1,0,1,1,0,1815.4,0,3064.15,1655,0,1,0,1,1,1,0,0,1,0,0,4
2,44,39,0,16,79,2,16,0,0,1,1,1,1,653.7,1037.45,1610.1,1110,1280,1,0,1,1,1,1,1,1,1,1,4
3,36,47,1,16,63,1,23,0,0,0,0,1,0,373.65,0,0,220,0,0,0,0,0,0,0,0,0,0,0,1
3,28,51,1,22,40,3,10,0,1,1,0,0,0,253.55,586.95,0,0,0,0,0,0,0,1,1,1,1,0,0,3
1,72,67,1,44,51,1,34,1,0,1,0,1,0,4168.25,3657.9,0,1345,0,1,0,0,0,1,1,1,1,0,0,3
1,16,27,0,5,37,3,5,0,0,0,0,0,0,80.7,0,0,0,0,0,0,0,0,0,0,0,0,0,0,1
3,3,43,0,19,61,4,11,0,1,0,1,1,1,7.9,0,53.25,20,38.2,0,0,0,1,1,0,0,1,1,1,1
1,40,57,1,15,22,2,9,0,0,0,0,1,0,381.5,0,0,710,0,0,0,0,0,0,0,0,0,0,0,1
3,16,39,0,6,44,4,3,0,1,0,1,0,0,96.3,0,350.15,0,0,1,0,0,1,0,0,0,0,1,0,2
1,20,42,0,4,17,3,5,0,0,0,0,0,0,175.85,0,0,0,0,0,0,0,0,0,0,0,0,0,0,1
2,48,43,0,13,110,5,15,0,1,0,1,0,1,359.35,0,1572.7,0,1010.4,1,1,0,1,0,0,0,0,1,0,2
2,64,48,1,13,91,2,24,0,0,1,0,1,1,1531.9,1569.25,0,780,1875.95,1,0,0,0,1,1,1,1,0,0,3
1,8,46,0,3,46,2,8,0,0,0,1,0,0,16.65,0,172.05,0,0,0,0,1,1,0,0,0,0,1,0,1
1,40,38,1,10,85,3,12,0,0,0,0,0,0,384.8,0,0,0,0,0,0,0,0,1,1,1,1,0,1,3
2,38,71,0,27,10,2,12,1,0,0,0,0,0,429.85,0,0,0,0,0,0,0,0,0,0,0,1,0,0,1
1,67,68,0,28,244,1,47,0,1,1,0,1,0,2186.2,2036.15,0,2105,0,0,1,0,0,1,1,1,1,0,0,3
1,26,42,0,0,80,4,15,0,1,1,1,1,1,196.65,1123.25,1159.35,250,1176.55,1,1,1,1,1,1,1,1,1,0,4
3,41,34,1,15,83,5,1,0,1,1,0,1,0,379.55,1404.45,0,220,0,1,1,1,1,1,1,1,1,0,0,4
2,2,31,0,2,21,1,6,0,0,0,1,0,0,3.2,0,17.25,0,0,0,0,0,0,0,0,0,1,0,1,1
3,20,48,1,29,24,2,3,0,0,1,0,1,0,230.7,452.75,0,675,0,1,1,1,0,1,1,1,1,0,1,4
2,31,53,0,2,351,3,31,0,1,1,0,1,0,185.3,1009.9,0,585,0,0,0,1,0,1,1,1,1,0,0,3
2,45,52,1,4,169,4,29,0,1,0,1,1,0,618.15,0,1820.4,690,0,1,0,0,1,0,0,0,0,0,0,2
2,33,27,1,7,46,2,7,0,0,0,1,0,0,243.35,0,923.85,0,0,0,0,0,0,0,0,0,0,1,0,1
1,10,26,0,6,34,3,3,0,0,0,1,0,0,41.85,0,223.05,0,0,1,0,0,0,0,0,0,0,0,0,2
2,62,54,1,2,50,4,3,0,0,0,1,1,1,1067.8,0,2864.15,5455,2022.55,1,1,1,1,1,0,1,0,1,1,4
2,4,35,0,16,161,5,6,0,1,1,1,0,1,10.35,103.1,126.95,0,135.25,0,1,1,1,1,1,1,1,1,1,4
1,42,47,1,17,212,4,17,0,0,1,0,1,0,320.9,1163.55,0,1035,0,0,0,0,0,1,1,1,0,0,0,3
3,27,51,1,3,80,5,11,0,0,0,1,0,0,176.2,0,1086.65,0,0,1,0,1,1,0,0,0,0,1,0,2
2,38,42,0,1,30,4,7,0,1,1,0,0,0,495.85,1087.9,0,0,0,0,0,0,0,0,1,0,0,0,0,1
3,52,61,1,3,53,5,1,0,1,0,1,1,1,631.7,0,1884.1,465,1971.35,1,1,0,1,0,0,0,1,1,0,2
3,35,33,0,9,73,5,4,0,1,1,0,1,1,216.6,1337.6,0,700,1423.8,1,1,1,1,1,1,1,1,1,0,4
3,3,20,1,1,17,2,0,0,1,0,0,0,0,12.3,0,0,0,0,0,0,0,0,0,0,0,0,1,1,1
2,17,33,0,9,23,5,3,0,0,0,1,1,1,196.3,0,570.9,220,529.25,1,1,0,1,1,1,0,0,1,1,4
1,55,53,1,21,34,1,8,0,0,0,0,0,0,304.4,0,0,0,0,0,0,0,0,0,1,1,1,0,0,3
3,43,36,1,5,107,1,19,0,1,1,0,1,0,491.55,583.75,0,910,0,1,0,0,0,0,0,0,0,0,1,2
2,47,25,1,5,21,1,1,0,1,1,0,1,0,426.6,1465.45,0,405,0,0,0,0,0,0,1,1,1,0,1,3
3,65,58,0,30,83,2,16,0,1,0,0,1,0,1323.2,0,0,1370,0,1,0,0,0,0,1,0,0,0,0,2
1,13,20,0,1,17,3,0,0,0,0,1,1,0,40.3,0,390.6,155,0,1,0,0,1,1,1,1,1,1,0,4
3,64,25,1,4,76,3,2,0,1,0,1,1,0,1536.55,0,2288.45,1400,0,1,0,0,0,1,0,1,1,1,0,3
2,12,24,0,2,19,1,0,0,0,1,0,1,0,46,299,0,295,0,0,0,0,0,1,1,1,1,0,1,3
1,29,32,1,0,49,4,3,0,1,0,1,0,0,187,0,918.25,0,0,1,0,1,1,0,0,0,0,1,1,2
2,23,47,0,21,173,3,22,0,1,0,0,0,0,145.9,0,0,0,0,1,0,0,0,1,0,0,1,1,0,2
2,14,35,0,4,47,3,10,0,1,1,0,0,1,76.2,318.2,0,0,274,1,0,0,0,0,0,1,1,1,1,2
1,35,61,0,23,41,2,11,0,0,0,0,1,0,353.55,0,0,295,0,0,0,0,0,0,0,0,0,0,0,1
3,26,39,0,8,105,3,13,0,1,1,0,1,1,159.7,1022.45,0,1005,885.1,1,1,1,0,1,1,1,1,1,0,4
1,13,54,0,2,31,4,2,0,0,0,0,0,0,97,0,0,0,0,0,1,0,1,0,0,0,0,1,0,1
2,69,40,1,13,41,2,17,0,0,0,0,1,0,1725.1,0,0,2320,0,1,0,0,0,0,0,0,0,0,0,2
3,61,50,1,30,102,4,9,0,1,0,0,1,0,760.3,0,0,745,0,1,0,0,1,0,0,0,0,1,0,2
2,45,22,1,2,36,4,0,0,1,1,1,0,0,412.1,663.1,1180.5,0,0,1,0,0,0,0,0,0,0,0,1,2
2,3,37,0,13,24,1,3,0,1,0,0,0,0,3.05,0,0,0,0,0,1,0,0,0,0,0,1,1,0,1
2,53,22,0,1,25,4,0,0,0,0,1,1,0,666,0,1469.25,335,0,1,0,0,1,0,0,0,0,1,0,2
1,59,42,0,1,68,2,21,0,1,1,0,1,0,997.85,1183.55,0,1160,0,1,0,0,0,1,1,1,1,0,0,3
1,13,34,0,11,20,3,0,0,1,0,0,0,0,71.05,0,0,0,0,0,0,0,1,0,0,0,0,0,0,1
3,31,31,0,4,48,1,15,0,0,0,0,0,0,127.7,0,0,0,0,0,0,0,0,0,1,1,1,0,0,3
1,40,29,1,6,40,2,8,0,1,0,0,0,0,502.95,0,0,0,0,0,0,0,0,0,1,1,1,0,0,3
1,48,55,0,15,79,1,25,0,0,0,0,1,0,668.65,0,0,1140,0,0,0,0,0,1,1,1,1,0,0,3
3,3,31,0,1,28,1,0,0,0,1,1,1,0,13.3,48.75,62.95,45,0,0,0,0,1,0,0,1,0,0,1,1
2,51,48,0,12,64,2,22,0,1,0,0,1,0,708.45,0,0,820,0,0,0,0,0,0,0,0,0,0,0,1
3,33,41,0,15,37,2,11,0,0,0,0,0,0,415.05,0,0,0,0,0,0,0,0,0,0,0,0,0,0,1
3,14,47,1,7,48,1,13,0,0,1,0,0,0,55.5,126.45,0,0,0,0,0,0,0,0,0,0,1,0,0,1
1,17,42,1,6,131,5,6,0,0,0,1,0,1,103.1,0,527.8,0,331.4,1,0,0,1,0,0,0,0,1,1,2
3,19,29,1,9,18,2,2,0,0,0,0,0,0,108.5,0,0,0,0,0,0,0,1,0,0,1,0,1,1,1
2,58,36,0,10,38,2,14,0,1,0,0,1,0,538.65,0,0,1030,0,1,0,0,0,0,0,0,0,0,0,2
3,22,23,0,3,37,2,4,0,1,0,1,1,1,144.05,0,602.2,200,503.5,0,1,0,1,1,0,0,1,1,0,4
2,29,31,1,1,60,4,6,0,0,0,1,0,0,243.9,0,730.8,0,0,1,0,0,1,0,0,0,0,1,1,2
3,14,22,1,2,13,3,0,0,1,0,1,0,0,117.55,0,364.1,0,0,1,0,0,1,0,0,0,0,0,1,2
2,70,64,1,18,98,1,31,0,1,1,0,1,1,1805.1,5850.25,0,720,3243.25,1,1,1,0,1,1,1,1,0,0,4
1,62,52,1,2,195,1,23,0,0,1,0,1,1,1420.95,2308.25,0,2205,2082.8,1,0,0,0,0,0,1,1,0,1,3
2,7,35,1,0,47,1,14,0,0,0,0,0,0,46.9,0,0,0,0,0,0,0,0,0,0,0,0,0,1,1
1,56,47,1,19,65,2,22,0,0,1,0,1,1,744.45,2695.95,0,2070,3084.2,0,1,1,0,1,1,1,1,0,0,4
1,50,50,1,22,150,5,5,0,1,0,1,1,0,930.8,0,1719.4,2585,0,1,1,0,1,0,0,1,0,1,1,2
2,57,39,0,6,106,5,8,0,0,1,1,1,1,568.15,1486.35,2291.35,740,2183.95,1,0,1,0,1,1,1,1,0,0,3
3,2,40,0,19,51,4,14,0,1,0,0,0,0,6.8,0,0,0,0,0,1,0,1,0,0,0,0,1,0,1
2,40,38,0,17,96,4,0,0,1,0,0,0,0,316.05,0,0,0,0,0,0,0,0,0,0,0,0,0,0,1
2,6,43,0,4,33,5,7,0,0,0,0,1,1,30,0,0,85,146.55,1,0,1,0,1,1,1,1,0,0,3
3,23,25,1,6,38,2,1,0,1,1,1,1,0,255,574.85,621.25,65,0,1,0,1,0,0,1,1,0,0,0,3
3,11,32,0,6,125,4,5,0,0,1,1,1,1,31.75,233.4,578.6,200,577.7,1,1,1,1,1,1,1,1,1,1,4
1,29,37,1,13,145,5,0,0,1,1,1,1,1,241.45,713.45,1201.4,495,722.8,0,1,1,1,1,1,1,1,0,0,4
1,42,44,1,2,99,2,21,0,0,1,0,1,0,841.55,1501.55,0,395,0,1,0,0,0,0,1,0,1,0,0,3
1,20,34,1,2,22,4,0,0,1,1,1,1,1,75.45,338.55,731.05,635,570.65,0,0,1,1,1,1,1,1,1,0,4
2,72,60,1,21,31,1,38,1,0,0,0,1,0,2349.25,0,0,2385,0,1,0,0,0,0,0,0,0,0,0,2
1,2,36,0,3,25,1,6,0,1,1,1,1,1,3.6,23.05,29.05,5,20.95,0,0,1,0,1,1,1,1,0,0,3
3,46,25,0,5,57,5,0,0,1,1,1,1,1,923.95,968.95,1748.55,445,1246.45,0,0,0,1,0,0,1,1,1,0,1
2,39,51,1,21,41,5,20,0,0,1,1,1,1,492.8,910.25,2059.7,330,1301.1,1,1,1,1,1,1,1,1,1,0,4
3,24,25,1,1,20,3,1,0,1,0,1,0,0,209.35,0,615.8,0,0,1,0,0,1,1,0,1,0,0,1,2
3,59,43,1,4,101,2,22,0,1,0,0,1,0,817.65,0,0,1195,0,1,0,0,0,0,0,0,1,0,0,2
1,65,37,0,8,56,2,15,0,0,0,0,1,0,681.95,0,0,655,0,1,0,0,0,0,0,0,0,0,0,2
2,50,27,1,5,22,2,5,0,1,0,0,1,0,893.3,0,0,750,0,0,0,0,0,0,0,0,0,0,0,1
1,57,37,0,11,108,4,9,0,1,1,1,1,0,1292,1492.1,2394.75,425,0,1,0,0,1,1,1,0,1,0,0,3
3,61,48,0,14,115,4,20,0,1,1,1,1,1,785.7,953.95,2410.1,1015,1799.15,1,1,1,1,1,0,1,1,1,0,4
3,34,54,0,31,53,4,22,0,0,1,1,1,1,225.4,588.4,1463.8,1880,2304.8,1,1,1,1,0,0,1,0,1,0,4
3,38,53,0,13,242,4,12,0,0,1,1,1,1,396.35,1556.4,1979.1,1020,1934.9,1,1,1,0,1,1,1,1,1,0,4
1,3,24,1,2,20,2,3,0,1,1,0,1,0,7.55,49.55,0,15,0,0,1,0,1,1,1,0,1,0,0,3
2,4,47,0,5,123,4,11,0,0,0,1,1,0,9.25,0,99.5,40,0,0,0,0,1,0,0,1,0,1,0,1
2,15,35,0,0,34,1,12,0,0,0,0,0,0,47.95,0,0,0,0,0,0,0,0,0,0,0,0,0,0,1
1,25,29,1,8,31,4,3,0,1,0,1,0,0,348.9,0,832.85,0,0,1,0,0,1,0,0,0,0,1,1,2
3,21,44,0,25,47,1,12,0,1,0,0,1,0,182.3,0,0,285,0,0,0,0,0,1,1,1,1,0,0,3
3,50,37,1,11,48,3,8,0,1,1,0,1,0,669.75,1445.15,0,445,0,0,0,0,0,1,1,1,1,0,0,3
2,65,64,1,22,13,2,5,1,1,1,0,1,0,921.7,1990.2,0,930,0,0,0,0,0,1,1,1,1,0,0,3
2,59,52,1,18,78,1,25,0,0,0,0,0,0,1179.05,0,0,0,0,0,0,0,0,0,0,0,0,0,0,1
3,29,26,0,7,34,1,7,0,1,0,0,1,0,198.7,0,0,490,0,0,0,0,0,1,1,0,0,0,0,3
1,60,46,0,17,81,5,9,0,1,0,1,1,0,1067,0,2331.65,610,0,1,0,0,1,0,0,0,0,1,0,2
1,71,45,1,14,86,2,25,0,0,0,1,1,0,3235.9,0,2386.45,2495,0,1,0,0,1,0,0,0,0,0,0,2
3,38,27,1,0,26,4,2,0,0,0,1,1,1,477.5,0,1429.95,365,1111,0,1,1,1,1,1,1,0,1,1,4
3,16,34,1,5,51,2,8,0,1,0,0,1,0,61.5,0,0,260,0,0,0,0,0,0,0,0,0,0,0,1
3,7,31,0,10,59,3,10,0,0,0,1,0,0,16.35,0,170.2,0,0,0,1,0,0,0,1,0,0,1,0,1
1,59,53,0,21,112,4,16,0,0,0,1,0,1,1236.3,0,2190.1,0,1465.35,1,0,0,1,0,0,0,0,1,1,2
2,22,56,1,14,57,4,28,0,0,1,1,1,1,135.2,417.55,748.3,250,649.6,1,1,1,1,1,1,1,1,0,0,4
1,18,48,1,20,41,1,2,0,1,1,0,1,0,59.15,220.95,0,135,0,0,0,0,0,1,1,0,0,0,0,1
2,64,46,1,19,168,2,26,0,1,1,1,1,1,928.8,4667.75,4758.05,2460,3704.05,1,1,1,1,1,1,1,1,1,0,4
2,7,33,0,4,29,4,4,0,1,0,1,0,0,35.45,0,166.5,0,0,0,0,0,1,0,0,0,0,1,1,1
3,65,58,0,13,167,2,14,0,1,0,0,1,0,1642.35,0,0,1110,0,1,0,0,0,0,0,0,0,0,0,2
3,7,24,0,5,29,2,3,0,0,1,0,0,0,43.7,109.5,0,0,0,0,0,1,1,0,0,0,1,0,1,1
1,64,55,0,28,104,1,26,0,1,0,0,1,0,960.95,0,0,2360,0,0,0,0,0,1,0,0,1,0,0,3
3,42,22,1,0,46,4,0,0,0,1,1,1,1,311.85,850.65,2099.55,270,1503.65,1,1,1,1,0,1,1,0,0,1,4
3,33,26,0,5,46,4,1,0,1,1,1,1,1,350.05,593.1,1347.7,185,1009.5,0,0,1,1,1,1,1,1,1,0,4
1,3,33,0,8,51,4,0,0,1,0,1,0,0,12.05,0,40.15,0,0,0,0,0,0,0,0,0,0,0,1,1
2,69,42,1,11,65,2,18,0,0,1,1,1,1,1007.5,2082.75,4167.7,2125,4399.6,1,1,1,1,1,1,1,1,1,0,4
2,9,33,0,1,48,2,13,0,0,1,0,1,0,39.75,110.05,0,275,0,0,0,0,0,1,1,0,0,0,0,1
3,22,34,1,1,46,3,1,0,0,0,1,0,0,125.05,0,484.1,0,0,1,0,0,1,0,0,0,0,0,0,2
2,53,63,1,15,43,2,18,0,0,0,1,1,0,808.95,0,2012.6,535,0,1,0,0,1,0,0,0,0,1,0,2
3,71,53,0,30,110,1,34,0,0,0,0,1,0,1249.8,0,0,1100,0,1,0,0,0,0,0,0,0,0,0,2
3,24,26,0,2,32,3,2,0,0,0,0,0,0,97.35,0,0,0,0,0,0,0,0,0,0,0,0,1,0,1
3,12,22,1,1,18,3,0,0,1,0,0,0,0,57.7,0,0,0,0,0,0,0,1,0,0,0,0,1,0,1
1,25,39,1,1,26,4,0,0,0,0,1,1,1,349.9,0,895.05,515,640.8,1,1,1,1,0,0,0,0,1,1,2
3,63,28,1,9,34,2,10,0,1,1,0,1,1,934.05,2465.4,0,1120,2770.35,1,1,0,0,1,1,1,1,0,0,3
1,33,54,1,18,57,4,4,0,1,1,1,0,0,226.25,1105.75,1108.5,0,0,1,0,0,1,1,1,1,0,0,1,3
2,57,54,1,20,21,2,0,0,1,0,0,1,0,565.55,0,0,930,0,0,0,0,0,0,0,0,0,0,0,1
3,13,33,0,7,38,3,10,0,1,1,1,1,1,48.6,199.5,480.85,155,318.9,0,1,1,1,0,1,1,1,1,0,4
1,13,21,0,2,19,3,0,0,1,0,1,1,0,98.35,0,311.65,40,0,1,0,0,1,0,0,0,0,0,1,2
1,71,39,0,2,40,3,17,0,0,1,0,1,0,2553.7,1916.25,0,2620,0,1,1,0,0,0,1,0,1,0,0,3
3,18,69,1,11,58,3,8,0,0,1,1,1,1,118.05,454.05,896.8,175,1049.95,1,1,1,1,1,1,1,1,1,0,4
1,17,51,1,10,95,2,15,0,1,0,0,0,0,132.9,0,0,0,0,0,0,0,0,0,0,0,0,0,1,1
2,22,43,0,4,114,2,19,0,0,0,1,0,0,202.8,0,428.7,0,0,0,0,0,0,0,0,0,0,0,0,1
2,65,65,1,27,128,3,24,0,0,1,0,1,0,1325.05,1483.55,0,940,0,1,0,0,0,1,1,1,1,0,0,3
3,7,40,0,9,33,4,2,0,1,0,0,0,0,16.85,0,0,0,0,0,0,0,1,0,0,0,0,1,0,1
3,72,66,0,30,460,4,41,0,1,0,1,1,0,6353.9,0,3411.2,1245,0,1,1,1,1,0,0,1,1,0,0,4
1,35,43,0,12,224,3,17,0,0,0,0,1,0,271.55,0,0,330,0,0,0,0,0,0,0,0,0,0,0,1
1,24,39,0,2,122,4,12,0,0,1,0,1,1,98.35,625.95,0,210,844.95,0,0,1,1,1,1,1,1,0,0,4
1,64,24,1,0,23,3,1,0,1,0,1,0,0,394.6,0,2182.4,0,0,1,0,0,1,0,1,0,1,0,0,2
2,63,63,1,19,191,3,27,0,0,0,0,1,0,782.45,0,0,435,0,1,0,0,0,0,0,0,0,0,0,2
1,38,31,1,7,187,4,6,0,0,1,0,1,1,448.75,834,0,1165,1801.75,0,1,1,0,1,1,1,1,0,1,4
2,29,37,1,9,119,3,12,0,0,0,0,0,0,138.7,0,0,0,0,0,0,0,0,0,0,0,0,0,0,1
1,72,69,1,49,44,2,44,1,1,0,0,1,0,7257.6,0,0,875,0,1,0,0,0,0,1,0,1,0,0,3
1,10,27,1,2,15,3,2,0,1,1,1,1,1,66.45,154.9,442.15,60,377.35,1,1,1,1,1,1,1,1,1,1,4
3,72,64,0,41,674,4,37,0,1,1,0,1,1,3535.8,2378.15,0,3465,4366.2,1,1,0,0,1,1,1,1,0,0,3
3,52,23,1,4,33,4,0,0,1,1,0,1,0,757.8,945.15,0,920,0,1,0,0,0,1,1,1,1,0,0,3
3,13,55,0,3,250,2,35,0,1,0,0,0,0,50.1,0,0,0,0,0,0,0,0,0,0,0,0,0,0,1
1,3,33,0,6,64,4,0,0,0,0,1,0,0,6,0,53.1,0,0,0,0,0,0,0,0,0,0,1,1,1
3,39,24,1,2,26,2,4,0,0,0,0,1,0,403.5,0,0,480,0,0,0,0,0,0,0,0,0,1,1,1
2,28,29,0,4,23,3,5,0,0,0,0,0,0,91.95,0,0,0,0,1,0,0,1,0,0,1,1,1,0,2
2,46,42,0,9,52,4,7,0,0,0,0,1,0,611.65,0,0,985,0,1,0,0,0,0,0,0,0,0,0,2
2,62,46,0,27,200,3,9,0,1,0,0,1,0,1625.35,0,0,4590,0,0,0,0,0,0,0,0,0,0,0,1
2,23,33,1,7,28,1,4,0,0,0,0,1,0,177.4,0,0,340,0,0,0,0,0,1,1,1,0,0,0,3
3,23,25,1,5,19,5,0,0,0,1,1,0,0,157.1,562.2,829.1,0,0,1,1,0,1,0,1,1,0,1,1,4
2,72,61,1,39,76,3,21,0,0,1,1,1,1,3983.6,4905.85,3761.8,4975,4097.7,1,1,1,1,1,1,1,1,0,0,4
3,56,60,0,26,70,2,20,0,0,0,1,0,1,397.15,0,1638.2,0,1340.75,0,0,0,0,0,0,0,0,1,0,1
1,8,30,0,1,34,2,9,0,1,0,0,1,0,28.65,0,0,75,0,0,0,0,0,1,0,1,1,0,0,3
3,3,36,0,7,34,5,3,0,1,1,1,0,0,7,35.65,55.9,0,0,1,1,1,0,0,0,1,0,1,0,4
3,37,37,0,7,172,3,13,0,0,0,0,0,0,258.5,0,0,0,0,0,0,0,0,0,0,0,0,1,0,1
3,37,53,1,13,48,1,10,0,0,1,0,1,0,439.55,876.05,0,350,0,0,0,0,0,1,1,1,1,0,0,3
2,6,30,0,9,45,2,2,0,1,0,0,0,0,9.95,0,0,0,0,0,0,0,0,0,0,0,0,0,1,1
1,48,47,0,9,72,3,13,0,0,1,0,1,1,732.35,1352.1,0,790,1559.1,1,1,1,0,1,1,1,1,0,1,4
2,43,43,1,3,55,4,18,0,1,1,1,1,1,422.7,1802.5,1976.65,675,2244.8,0,1,1,1,1,1,1,1,0,0,4
2,21,29,0,7,40,4,2,0,1,1,1,1,1,89.1,386.8,772.3,395,653.9,0,0,0,1,0,1,1,0,0,0,1
3,6,33,0,12,26,3,0,0,0,1,0,1,1,35.1,131.1,0,125,121.75,0,1,0,1,1,1,1,1,0,1,3
2,69,51,0,18,96,1,33,0,0,1,0,1,0,2338.8,5916,0,2180,0,1,0,0,0,1,1,1,1,0,0,3
1,22,33,0,9,54,1,10,0,0,1,0,1,0,246.7,504.4,0,370,0,0,0,0,0,1,1,1,1,0,0,3
1,28,40,1,1,47,2,9,0,1,1,0,1,0,224.25,774.75,0,730,0,0,0,0,0,1,1,1,1,0,0,3
1,71,47,1,23,142,1,30,0,0,0,0,1,0,2237.35,0,0,5520,0,1,0,0,0,0,0,0,0,0,0,2
2,7,37,0,5,57,4,1,0,0,0,0,0,0,23.9,0,0,0,0,0,0,0,0,0,0,0,1,0,0,1
1,63,29,0,10,20,3,7,0,0,1,1,1,1,867.9,1944.45,3778.75,640,6132.2,1,1,1,1,1,1,1,1,1,0,4
2,53,57,0,25,37,1,7,0,0,0,0,1,0,363.95,0,0,465,0,1,0,0,0,0,0,1,0,0,0,2
2,50,52,1,17,36,4,16,0,0,1,0,1,1,616.25,2662.1,0,2330,4118.6,1,1,1,0,1,1,1,1,1,0,4
2,39,31,1,6,24,4,2,0,0,0,1,1,0,505.55,0,1213.5,600,0,0,0,1,0,1,1,1,1,1,0,4
3,16,19,0,0,21,2,0,0,1,0,0,0,0,70.25,0,0,0,0,0,0,0,0,0,1,0,0,0,0,1
3,43,51,1,15,186,3,25,0,0,1,0,1,1,856.3,2522.95,0,885,2525.1,1,1,1,0,1,1,1,1,0,0,4
3,44,31,0,12,30,1,7,0,1,0,0,1,0,317.9,0,0,530,0,0,0,0,0,0,0,0,0,0,0,1
2,72,66,1,43,96,2,16,0,1,1,0,1,1,2537.65,2557.75,0,1440,3571.45,1,1,0,0,1,1,1,1,1,0,4
3,61,76,0,39,15,1,29,1,0,1,0,1,0,1168.45,3257.7,0,1415,0,1,0,1,0,1,1,1,1,0,0,3
3,43,21,1,1,25,1,4,0,0,0,0,0,0,334.45,0,0,0,0,1,0,0,1,0,0,1,1,0,1,2
3,24,39,0,11,49,3,7,0,1,0,1,0,0,177.2,0,657.25,0,0,0,0,0,1,0,0,0,0,0,0,1
3,64,45,0,4,38,2,7,0,1,1,0,1,0,918,1447.4,0,610,0,1,1,0,0,1,0,1,1,0,1,3
2,64,38,0,0,29,2,2,0,0,1,0,1,0,1114.45,1141.55,0,1010,0,1,0,0,0,0,0,0,0,0,0,2
1,24,26,0,7,55,2,7,0,1,0,0,0,0,175.8,0,0,0,0,0,0,0,0,0,1,0,0,0,0,1
3,33,55,1,21,64,3,10,0,1,1,0,1,0,163.05,494.55,0,775,0,0,0,0,0,0,0,1,1,0,0,1
2,33,33,1,12,42,4,7,0,1,0,1,1,1,305.75,0,1019.15,730,665.35,1,1,0,0,0,0,0,0,0,0,2
1,2,40,0,9,134,4,2,0,0,0,1,0,0,4.6,0,26.45,0,0,0,0,0,1,0,0,0,0,1,0,1
2,42,48,1,22,82,1,21,0,1,1,0,1,0,459,1006.9,0,750,0,1,0,0,1,1,1,1,0,1,0,4
1,52,54,1,5,153,5,10,0,0,0,1,0,1,555.85,0,1816.65,0,1525.15,1,1,0,1,1,0,0,0,1,1,2
1,45,66,0,43,144,2,13,0,1,0,0,1,0,338.8,0,0,565,0,1,0,0,1,0,0,0,0,0,0,2
3,3,25,0,4,22,4,0,0,0,0,1,1,0,7.5,0,48,30,0,0,1,0,1,0,1,1,1,1,1,4
2,37,53,1,16,35,1,16,0,1,0,0,0,0,788.25,0,0,0,0,0,0,0,0,0,1,1,0,0,0,3
2,28,57,0,33,82,4,22,0,1,0,1,0,0,71.5,0,858.15,0,0,1,1,0,1,0,0,1,0,1,1,2
3,40,63,1,9,61,1,22,0,0,0,0,1,0,470.9,0,0,1635,0,0,0,0,0,0,0,0,0,0,0,1
2,37,33,0,1,102,2,12,0,0,0,1,1,1,646.7,0,1108.05,360,1330.6,1,0,1,1,1,1,0,0,1,0,4
3,7,27,0,5,31,3,4,0,0,1,1,0,1,30.8,96.6,271.75,0,235.55,1,1,1,1,1,1,1,0,1,1,4
1,71,56,0,23,170,1,30,0,1,1,0,1,0,1001.2,1840.65,0,2140,0,1,1,1,0,0,1,1,1,0,0,4
2,19,46,0,11,26,2,0,0,1,0,0,1,0,121.7,0,0,90,0,0,0,0,1,0,1,0,1,1,0,1
2,61,40,0,15,85,3,15,0,1,1,0,1,0,831.15,1823.6,0,1310,0,1,0,0,0,1,1,1,1,1,0,3
3,70,53,1,16,183,2,35,0,1,0,0,1,0,2234.9,0,0,1085,0,1,0,0,0,0,0,0,0,0,0,2
2,60,55,1,13,67,1,18,0,1,0,0,1,0,697.7,0,0,925,0,0,0,0,0,0,0,0,0,0,0,1
3,48,45,1,5,42,1,11,0,1,0,0,0,0,435.6,0,0,0,0,0,0,0,0,0,1,0,0,0,0,1
1,8,63,1,1,31,1,9,0,0,1,0,1,0,16.8,102.55,0,80,0,0,0,0,0,1,0,1,1,0,0,3
2,58,58,1,10,96,2,17,0,0,1,0,0,0,710.8,1345.95,0,0,0,1,0,0,0,1,1,0,1,0,0,3
1,16,24,1,5,24,3,2,0,0,0,0,1,0,124.2,0,0,215,0,0,0,0,0,1,1,1,0,0,0,3
2,33,33,0,4,53,2,14,0,1,0,0,0,0,145.85,0,0,0,0,0,0,0,0,1,0,0,0,0,0,1
2,39,25,0,4,18,1,0,0,1,0,0,0,0,242.7,0,0,0,0,1,0,0,0,1,1,0,1,0,0,3
1,62,51,0,10,43,4,19,0,0,0,1,1,1,1632.4,0,2583.85,1015,2521.05,1,0,1,1,1,0,0,0,1,0,2
1,50,34,0,10,104,3,9,0,0,1,1,1,1,1444.45,1219.55,2568.4,960,2368.4,1,1,1,1,1,1,1,1,1,0,4
2,48,55,0,31,26,1,1,0,0,0,0,0,0,606.1,0,0,0,0,0,0,0,0,0,0,0,0,0,0,1
3,31,62,0,5,56,2,26,0,1,1,0,1,0,123.5,744.45,0,435,0,0,1,0,0,1,1,1,1,0,0,3
2,65,33,1,9,49,2,6,0,0,1,0,1,0,2706.8,1094.1,0,1190,0,1,0,0,0,0,0,1,0,0,0,2
1,36,58,0,34,80,1,21,0,1,0,0,1,0,298.25,0,0,260,0,1,0,0,0,0,1,0,0,0,0,2
1,61,46,0,5,318,3,18,0,1,1,0,1,0,1796.7,2442.75,0,5115,0,1,1,0,0,1,1,1,1,0,0,3
2,48,42,0,21,35,4,5,0,0,0,0,0,0,589.35,0,0,0,0,1,0,0,0,0,1,1,0,0,0,3
3,35,45,0,17,29,1,6,0,0,0,0,0,0,300.35,0,0,0,0,0,0,0,0,0,0,1,0,0,0,1
1,51,28,0,8,43,5,1,0,0,1,1,1,1,623,1920.5,3925.5,955,4059.9,1,1,1,1,1,1,1,1,1,0,4
2,49,51,1,5,80,5,3,0,0,0,1,1,1,285.4,0,2435.35,1810,1679.45,1,1,1,1,1,1,1,1,1,1,4
1,35,39,1,11,30,3,2,0,1,1,0,0,0,224.85,929.95,0,0,0,0,0,1,0,0,0,1,1,0,1,3
1,58,70,0,2,9,3,24,1,1,0,1,1,1,1384.45,0,2632.4,1730,1975.7,1,0,0,1,0,0,0,1,0,0,2
1,23,35,1,0,23,2,1,0,0,0,0,0,0,153.9,0,0,0,0,0,0,0,0,1,0,1,1,0,0,3
2,26,39,1,15,58,4,9,0,1,1,0,1,1,210.6,567.55,0,145,493.85,0,0,0,1,1,0,1,1,0,0,3
1,38,37,1,1,52,1,20,0,1,1,0,1,1,532.55,1686.3,0,705,2051.1,1,1,1,0,1,1,1,1,0,0,4
1,35,66,1,44,14,3,12,1,1,1,0,0,0,202.5,1135,0,0,0,0,0,0,0,1,1,1,1,0,0,3
2,37,50,0,9,110,2,21,0,1,1,0,1,0,364.05,992.4,0,375,0,0,0,0,0,1,1,1,1,0,0,3
2,48,43,1,1,60,2,12,0,0,1,1,1,0,719.7,905.15,1500.75,1495,0,1,0,0,0,0,1,0,0,0,0,2
3,13,43,1,1,123,3,21,0,0,1,1,1,0,55.05,317.5,439.3,75,0,0,0,1,1,1,1,1,0,1,0,4
1,72,63,1,29,15,5,31,1,0,0,0,1,0,1547.45,0,0,2180,0,1,0,0,0,0,0,1,1,0,0,3
1,30,27,0,4,47,4,2,0,1,0,0,1,0,296.9,0,0,600,0,1,0,0,1,0,0,0,0,0,1,2
1,24,43,0,14,138,4,11,0,1,1,0,1,1,130.6,445.6,0,180,551.15,1,0,0,1,1,1,0,1,0,0,3
2,25,51,1,20,359,3,29,0,0,1,1,1,1,163.75,676.15,881.45,975,475.55,0,1,1,0,1,1,1,1,0,0,4
2,50,52,0,30,214,3,22,0,0,1,1,1,1,610.35,1287.7,1943,530,2412.75,1,1,0,1,1,1,1,1,1,0,4
2,28,40,0,7,64,1,19,0,0,1,0,0,0,167.65,722.5,0,0,0,0,0,0,0,1,0,0,1,0,0,3
3,34,51,0,8,50,4,14,0,0,0,0,1,0,531.35,0,0,480,0,0,1,0,0,0,0,0,0,1,0,1
1,48,32,0,2,88,3,9,0,0,1,0,1,1,307.65,1603.8,0,1390,2119.35,1,1,1,1,1,1,1,1,0,0,4
2,42,36,1,8,86,2,15,0,1,0,1,0,0,436.45,0,1222.3,0,0,1,0,0,0,0,0,0,0,0,0,2
3,67,65,1,30,17,1,29,1,1,1,0,1,0,1384.05,1721.25,0,785,0,1,0,0,0,1,0,1,0,0,0,3
1,17,41,1,7,25,2,17,0,0,0,1,0,0,114.3,0,449.95,0,0,0,0,0,1,1,1,1,0,1,0,3
1,29,38,1,19,46,2,6,0,0,0,1,0,0,248.6,0,584.9,0,0,1,0,0,0,0,0,0,0,1,0,2
3,66,61,0,26,361,1,40,0,1,0,0,1,0,782,0,0,2615,0,1,0,0,0,0,0,0,1,0,0,2
2,1,21,0,1,18,3,0,0,1,0,1,0,0,2.7,0,32.7,0,0,0,0,0,1,0,0,0,1,1,1,1
1,28,33,1,3,14,4,1,0,0,1,1,0,1,145.95,504.9,869.85,0,618.65,1,0,1,1,0,1,1,0,1,1,4
1,15,35,1,5,34,3,8,0,0,0,1,0,0,110.55,0,350.25,0,0,1,0,0,1,0,0,0,0,1,1,2
2,12,64,0,13,9,2,6,1,1,1,1,1,0,52.85,317.75,376.6,95,0,0,0,0,1,1,1,1,1,1,0,3
3,48,49,0,18,39,2,5,0,1,1,1,1,1,399.75,1229.6,2099.35,1140,1394.5,1,1,1,0,1,1,1,1,0,1,4
2,59,25,1,4,18,3,2,0,0,0,1,1,0,1251.4,0,1882.65,1415,0,0,0,0,0,0,0,0,0,0,0,1
3,8,26,1,1,25,4,1,0,0,0,1,0,0,29.9,0,138.4,0,0,0,0,0,1,0,0,0,0,1,1,1
1,45,52,0,15,46,5,8,0,1,0,0,1,0,402.1,0,0,395,0,1,0,0,0,0,0,0,0,1,1,2
1,25,39,1,8,94,4,11,0,1,0,1,0,0,95.2,0,681.2,0,0,1,0,0,0,0,0,0,0,0,1,2
1,21,44,1,4,26,3,2,0,0,1,1,1,1,160.65,863.3,890.75,485,702.95,0,1,1,1,1,1,1,1,0,0,4
2,17,68,1,1,335,1,35,0,1,1,0,1,1,70.25,285.9,0,525,422.85,0,1,1,0,1,1,1,1,0,0,4
2,41,45,0,14,25,3,6,0,0,0,1,1,1,370.8,0,1675.7,535,945.3,0,0,0,1,0,0,1,1,1,1,1
1,13,45,1,3,99,3,8,0,1,0,0,1,0,103.4,0,0,240,0,0,1,0,1,1,0,1,0,0,1,3
2,1,26,1,3,30,2,7,0,1,0,1,0,0,1.05,0,15.4,0,0,0,0,0,0,0,0,0,0,1,1,1
3,3,31,1,4,35,2,2,0,1,1,1,0,1,11,30.2,75.3,0,28.5,0,1,1,1,1,0,1,0,1,1,4
1,23,27,1,2,51,5,1,0,1,0,1,0,0,94.95,0,574.35,0,0,0,1,0,0,0,0,0,0,0,1,1
3,26,42,0,20,49,3,13,0,0,1,1,1,1,82.3,638.1,1054.4,625,633.4,1,1,1,1,1,1,1,1,1,1,4
1,37,51,1,15,54,1,15,0,0,1,0,1,0,323.65,614.15,0,225,0,1,0,0,0,0,1,0,1,0,0,3
3,5,30,0,3,46,4,7,0,0,0,1,0,0,17.55,0,121.55,0,0,1,0,0,1,0,0,0,0,1,1,2
1,32,27,1,3,91,4,1,0,1,1,1,1,1,189.05,543.15,1247.3,100,1269.1,0,1,1,1,1,0,0,1,1,1,4
3,12,22,0,1,23,4,0,0,0,0,0,0,0,33.75,0,0,0,0,0,0,0,0,0,0,1,0,0,0,1
1,72,54,1,6,345,1,32,0,0,0,0,1,0,5464.6,0,0,1305,0,1,0,0,0,0,1,0,1,0,0,3
3,3,25,1,2,45,4,0,0,1,1,1,0,0,9.15,53.05,87.6,0,0,0,0,0,1,0,0,0,0,1,1,1
1,54,43,0,12,53,2,12,0,0,1,0,1,0,775.9,1749.4,0,845,0,1,0,0,0,1,1,1,1,0,0,3
2,26,26,0,2,14,2,6,0,1,1,1,0,1,204.25,884.2,914.5,0,764.55,1,0,1,1,1,0,1,1,1,1,4
3,14,36,0,13,67,5,4,0,1,0,1,0,0,187.4,0,303.6,0,0,0,0,0,1,0,1,0,0,0,0,1
3,22,51,0,27,49,3,1,0,0,0,1,1,0,150.7,0,649.1,370,0,0,0,1,0,0,0,1,0,1,0,1
3,65,47,1,18,37,1,15,0,1,0,0,1,0,1174.6,0,0,900,0,0,0,0,0,0,0,0,0,0,0,1
3,26,45,0,18,33,1,9,0,0,1,0,1,0,285.35,563.5,0,295,0,0,0,0,0,0,0,0,1,0,0,1
1,20,37,0,5,46,3,10,0,1,0,1,1,1,91.55,0,878,90,815.8,1,1,1,1,1,0,1,1,1,0,4
2,67,60,1,32,93,1,21,0,0,0,1,1,0,1200.7,0,2189.8,2665,0,1,0,0,0,0,0,0,0,1,0,2
1,34,55,0,2,48,2,11,0,0,0,0,0,0,143.35,0,0,0,0,0,0,0,0,0,0,0,0,0,0,1
1,37,54,1,35,183,2,22,0,0,1,0,1,0,257.6,769.4,0,260,0,0,0,0,0,1,1,0,1,0,0,3
2,22,23,1,3,16,1,5,0,0,0,0,1,0,120.4,0,0,205,0,0,0,0,0,0,0,0,0,0,0,1
2,5,69,0,0,11,2,14,1,0,1,0,1,0,35.2,44.8,0,30,0,0,0,0,0,0,0,0,0,0,0,1
1,28,31,1,0,42,4,5,0,1,1,0,0,0,373.8,674.5,0,0,0,1,0,0,0,1,0,0,1,0,0,3
1,20,41,1,7,67,4,14,0,1,0,0,0,0,149.1,0,0,0,0,0,0,0,0,0,0,0,0,0,0,1
3,72,41,0,20,181,4,12,0,0,1,1,1,1,1963.95,1645.8,4980.8,520,3790.55,1,1,1,1,1,1,0,1,1,0,4
2,30,43,0,18,53,4,6,0,0,0,1,0,0,232.9,0,738.9,0,0,0,0,0,1,0,0,0,1,1,0,1
3,71,52,0,17,172,2,32,0,0,1,1,1,1,3599.3,3015.6,3469.15,1850,4828.2,1,1,1,1,1,1,1,1,0,0,4
2,56,44,0,24,87,2,19,0,0,1,0,1,0,822.25,2396.65,0,830,0,0,0,0,0,1,1,1,1,0,0,3
1,8,29,1,2,21,5,0,0,0,0,1,0,0,39.7,0,167.05,0,0,0,0,0,0,0,0,0,0,0,1,1
2,32,65,0,6,9,2,30,1,1,0,0,0,0,201.35,0,0,0,0,1,0,0,1,0,0,0,0,1,0,2
2,46,47,0,22,144,3,22,0,1,1,0,0,0,179.95,1284.55,0,0,0,0,0,0,0,0,1,1,1,0,1,3
3,60,45,1,23,117,4,11,0,0,1,1,1,1,755.7,1721.25,3035.75,1135,3094.65,1,1,1,1,1,1,1,1,1,0,4
2,42,32,1,0,59,4,4,0,1,1,1,1,1,681.5,1676.2,2253.95,880,2805.75,1,1,1,1,1,1,1,1,0,0,4
3,71,60,1,39,508,4,35,0,0,1,0,1,0,1665.6,3474.05,0,1465,0,1,1,1,0,1,1,1,1,0,0,4
2,72,63,1,40,222,2,43,1,1,1,0,1,0,5988.5,4439.25,0,1150,0,1,0,1,0,1,1,1,1,0,0,3
3,45,66,0,11,87,3,25,1,1,0,0,1,0,306.9,0,0,880,0,0,0,0,0,1,0,0,0,0,0,1
3,5,31,0,4,34,1,9,0,0,1,1,1,1,6.15,78.85,128.95,60,69.9,0,1,0,0,1,1,1,1,0,1,3
2,17,38,1,19,18,4,0,0,1,0,0,0,0,162.25,0,0,0,0,1,0,0,0,0,0,0,0,0,0,2
2,70,55,0,12,65,3,24,0,0,1,0,1,0,1874.25,2921.35,0,1465,0,1,1,0,0,1,1,1,1,0,0,3
3,57,57,1,19,130,3,27,0,1,0,1,1,0,849,0,1761.4,685,0,1,0,0,1,0,0,0,0,1,0,2
1,20,33,0,13,44,3,8,0,1,0,1,0,0,124.45,0,550.75,0,0,1,0,0,0,0,0,1,1,1,0,2
1,72,52,1,21,63,1,24,0,0,1,0,1,0,3114.75,1871.95,0,2305,0,1,0,0,0,1,1,1,1,0,0,3
3,32,50,0,28,57,4,20,0,0,1,0,1,1,123,1267.1,0,1205,707.4,0,0,0,0,1,1,1,1,0,0,3
3,22,57,1,7,264,1,35,0,1,0,0,1,0,68.35,0,0,105,0,0,0,0,0,1,0,1,1,0,0,3
2,6,24,0,2,28,1,5,0,0,1,0,1,0,35.1,57.8,0,155,0,0,0,0,0,1,1,1,1,0,1,3
3,32,23,1,2,26,3,1,0,1,1,1,1,0,325,796.95,856.2,880,0,1,1,0,1,1,1,1,1,0,0,4
1,38,33,0,3,38,4,0,0,0,0,1,1,0,412.8,0,958.85,465,0,1,0,0,1,0,0,0,0,1,0,2
1,53,35,0,15,59,3,5,0,1,1,0,1,0,888.45,1250.7,0,995,0,0,0,1,0,0,1,1,0,0,0,3
3,37,76,0,38,117,4,21,0,1,0,0,1,0,273.7,0,0,230,0,0,0,0,0,0,0,0,0,0,0,1
1,47,35,1,13,70,4,9,0,1,1,1,0,1,551,1556.2,2138.25,0,2168.4,1,1,1,1,1,1,0,1,1,1,4
3,69,59,0,37,104,2,13,0,0,1,0,1,0,1120.75,2104.65,0,925,0,1,1,0,0,1,1,1,1,0,0,3
3,63,56,0,17,71,3,18,0,1,0,0,1,0,1162.9,0,0,1510,0,0,0,0,0,0,0,0,1,0,0,1
1,61,34,1,0,70,3,7,0,1,1,1,1,1,1230.7,1820.3,3045.8,1095,2840.2,1,1,1,1,1,1,1,1,1,1,4
1,56,38,1,8,56,4,10,0,0,1,1,1,1,1418.35,1435.25,2451.85,645,1553.5,0,0,1,1,1,1,0,0,1,0,4
3,40,57,1,18,68,1,23,0,0,1,0,0,0,572.4,987.7,0,0,0,0,0,0,0,0,1,0,1,0,0,3
2,61,45,0,21,80,2,13,0,1,0,0,1,0,1114.75,0,0,2200,0,1,0,0,0,0,0,0,0,0,0,2
2,16,26,0,7,21,4,1,0,0,1,1,0,1,56.85,182.25,638.55,0,438.4,1,1,1,1,0,0,1,0,1,0,4
2,7,43,0,4,69,3,5,0,1,0,0,0,0,36.85,0,0,0,0,0,0,0,0,0,0,0,0,0,0,1
3,20,31,1,10,39,2,3,0,1,0,0,0,0,148.75,0,0,0,0,0,0,0,0,0,0,0,0,0,0,1
2,35,38,0,7,90,2,18,0,0,1,0,1,0,245.95,558.35,0,425,0,1,0,1,1,0,1,0,0,1,0,2
1,60,37,1,12,64,5,1,0,1,0,0,1,0,978.35,0,0,970,0,1,0,0,0,0,0,0,0,0,0,2
2,47,25,0,2,28,2,6,0,0,1,1,1,1,315.9,859.6,1535.05,770,1448.4,0,1,1,0,1,1,1,1,1,0,4
2,33,28,1,3,24,2,0,0,1,0,0,1,0,224.25,0,0,485,0,0,0,0,0,0,0,0,0,1,0,1
3,12,34,0,2,44,2,7,0,0,0,0,0,0,48.85,0,0,0,0,0,0,0,0,0,0,0,0,0,0,1
1,10,31,0,0,32,4,7,0,1,0,1,0,0,60.15,0,253.35,0,0,1,0,1,1,0,0,0,0,1,1,2
2,69,33,1,9,52,4,9,0,1,0,0,1,0,2142.8,0,0,1915,0,1,0,0,0,0,0,1,1,0,0,3
1,23,20,0,1,15,3,0,0,1,0,0,0,0,199.65,0,0,0,0,1,0,0,0,0,0,0,0,0,0,2
1,53,31,0,10,46,3,6,0,0,1,1,1,0,1408.35,935,2297.85,2015,0,1,0,1,1,0,0,0,0,0,0,2
2,60,57,1,14,107,2,33,0,1,1,0,1,1,1035.2,1863.15,0,1245,2640,1,0,1,0,1,1,1,1,0,0,3
2,33,33,0,7,56,2,11,0,0,0,0,1,0,470.9,0,0,470,0,0,0,0,0,0,1,0,0,0,0,1
3,67,40,1,21,40,4,7,0,1,0,1,1,1,1585.85,0,3013.25,1015,2396.15,1,1,1,1,1,0,1,0,1,0,4
3,15,38,1,5,56,3,13,0,0,1,0,1,0,76.75,274.95,0,225,0,0,0,0,0,1,1,1,0,0,0,3
3,64,31,1,5,46,2,7,0,1,0,1,1,1,1546.55,0,2214.1,1115,2148.15,1,1,0,1,0,0,1,0,1,0,2
2,46,49,1,13,51,2,21,0,0,0,0,1,0,329.95,0,0,945,0,0,0,0,0,0,0,0,0,0,1,1
2,72,60,1,33,12,1,20,1,0,1,0,1,1,3776.1,4938.6,0,780,3102.2,1,1,1,0,1,1,1,1,0,0,4
1,61,43,1,6,34,5,6,0,0,1,1,1,1,1541.9,2536.1,3279.9,1980,3182.65,1,1,1,1,1,1,1,1,1,1,4
3,54,27,0,3,27,2,6,0,1,1,1,1,1,660.85,1919.75,2484.3,315,2259.8,1,1,1,1,1,1,0,1,1,0,4
3,28,36,0,3,42,3,7,0,1,1,0,1,0,363.65,820.15,0,370,0,0,0,0,1,1,1,1,1,0,0,3
2,28,38,0,8,119,5,2,0,0,0,1,0,1,141.95,0,1262.7,0,1189.9,1,1,1,1,0,0,0,1,1,1,4
2,32,43,0,13,146,1,27,0,1,1,0,1,1,546.35,1090.65,0,510,559.45,0,0,0,0,1,1,1,1,0,0,3
2,52,46,0,17,51,2,13,0,1,0,0,1,0,638.7,0,0,755,0,1,0,0,0,0,0,0,0,0,0,2
1,48,62,0,33,86,1,22,1,1,1,1,1,1,729.3,1613.6,1763.1,920,1408.5,0,1,0,0,1,1,1,1,1,0,3
3,52,42,1,17,27,3,8,0,1,1,0,1,0,1008.8,1661.3,0,1050,0,0,0,0,1,1,1,1,1,0,0,3
1,37,43,0,8,38,3,9,0,0,0,0,0,0,289.75,0,0,0,0,1,0,0,0,0,0,0,0,0,0,2
1,41,52,0,26,928,3,29,0,0,1,0,1,0,344,1060.65,0,465,0,0,1,0,0,1,1,1,1,0,0,3
2,43,27,1,3,21,2,1,0,1,0,0,1,0,558.85,0,0,760,0,1,0,0,0,0,0,0,0,0,0,2
3,67,60,0,24,24,1,6,0,1,0,0,1,0,1659.1,0,0,1530,0,1,1,0,0,0,0,1,1,0,0,3
3,61,52,1,30,91,1,25,0,1,0,0,1,0,840.15,0,0,2790,0,0,0,0,0,0,0,0,0,0,0,1
3,70,39,1,20,38,2,8,0,1,1,0,1,0,2201,1981.65,0,3450,0,1,0,0,0,1,0,0,1,0,0,3
3,44,32,1,1,96,4,5,0,1,1,1,1,1,213.45,951.95,2803.5,360,2451.6,1,1,1,1,1,1,1,1,1,0,4
3,46,45,0,12,96,3,17,0,0,0,1,1,0,504.3,0,1032.75,410,0,1,0,0,1,0,0,0,0,1,0,2
3,39,34,0,2,54,3,5,0,0,0,0,1,0,265.45,0,0,460,0,0,0,0,0,0,0,0,0,0,0,1
2,39,59,0,20,1668,4,27,0,1,1,0,0,0,303.95,595.6,0,0,0,1,1,0,1,1,1,0,0,0,0,2
2,50,29,1,10,53,4,0,0,1,1,1,1,1,593.35,2412.65,2499,540,2280,1,1,1,0,1,1,1,1,0,0,4
3,5,31,0,1,21,3,1,0,1,0,0,0,0,16.1,0,0,0,0,0,0,0,0,0,0,0,0,1,1,1
2,10,34,0,1,52,5,3,0,1,0,1,0,1,47.45,0,332,0,255.7,1,0,0,1,0,0,0,0,1,1,2
1,72,69,0,45,17,3,36,1,1,0,0,1,0,2751.65,0,0,2005,0,1,0,0,0,0,0,0,0,0,0,2
2,68,60,0,40,262,2,39,0,1,0,0,1,0,2112.25,0,0,1690,0,1,0,0,0,1,1,1,0,0,0,3
3,58,28,0,5,34,5,1,0,1,0,1,1,0,1144.6,0,2275.7,1335,0,1,1,1,1,0,0,0,0,1,0,2
3,18,44,1,10,107,1,19,0,1,0,0,0,0,41.8,0,0,0,0,0,0,0,0,0,0,0,0,0,0,1
1,65,45,1,25,67,5,13,0,1,1,1,1,0,671.2,1391.85,1729.2,2305,0,1,0,0,0,0,1,0,1,0,0,3
3,8,45,0,1,37,4,0,0,0,0,1,0,0,64.45,0,207.85,0,0,1,0,0,1,0,0,0,0,1,1,2
2,1,20,0,1,21,2,0,0,1,0,1,0,0,0.9,0,23.85,0,0,0,1,1,0,1,0,0,0,1,1,1
3,42,58,0,7,22,1,4,0,1,0,0,0,0,166.75,0,0,0,0,1,0,0,0,0,0,0,0,0,0,2
1,4,25,1,3,71,3,3,0,1,0,1,0,0,14.95,0,110.15,0,0,0,1,0,1,0,0,0,0,1,0,1
3,17,35,0,4,77,3,8,0,1,1,0,0,0,144.4,251.1,0,0,0,0,0,0,0,1,1,1,0,0,0,3
2,8,24,1,1,18,4,0,0,1,1,1,1,1,16.8,134.25,296.7,165,260.8,0,1,1,1,1,1,1,1,1,1,4
1,49,37,1,17,50,2,12,0,1,0,0,1,0,243.1,0,0,800,0,1,0,0,0,0,0,0,0,0,0,2
1,56,46,1,21,33,4,7,0,0,0,1,1,0,1257.4,0,1846.85,525,0,1,0,0,1,0,0,0,0,1,0,2
1,62,57,1,21,94,1,22,0,0,1,0,1,0,757.6,1999.95,0,3250,0,1,0,1,0,1,1,1,1,1,0,4
2,42,57,1,25,209,1,40,0,1,0,0,1,0,383.45,0,0,475,0,0,0,0,0,0,0,0,0,0,0,1
1,13,32,0,7,31,4,5,0,0,1,0,1,1,64.85,452.3,0,115,244.3,0,1,0,0,1,1,1,1,0,0,3
1,69,46,1,18,66,2,19,0,0,0,0,1,0,1589.1,0,0,3265,0,1,0,0,0,0,0,0,0,0,0,2
2,45,59,0,14,51,1,15,0,0,0,0,1,0,236.3,0,0,175,0,0,0,0,0,0,0,0,0,0,0,1
2,66,42,1,18,118,2,20,0,0,0,0,1,0,1774.75,0,0,1480,0,1,0,0,0,0,0,0,0,0,0,2
2,15,35,0,10,25,2,3,0,0,0,1,0,0,41.4,0,291.4,0,0,0,0,0,1,0,0,0,0,1,1,1
1,41,44,1,1,59,3,21,0,1,0,1,1,0,479.95,0,1853.3,1005,0,1,1,0,1,0,1,0,0,1,0,2
2,11,20,0,1,20,2,0,0,1,1,1,1,1,48,221.35,427.65,155,387.95,0,1,1,1,1,1,1,1,1,1,4
3,45,30,1,0,63,5,4,0,0,1,1,1,1,314.8,1849.5,1717.2,775,2239.65,1,1,1,1,1,1,1,1,1,1,4
1,52,62,0,23,36,4,17,0,0,1,0,1,0,709.25,978.85,0,915,0,0,0,0,0,0,0,0,1,0,0,1
1,42,56,0,24,72,4,18,0,1,0,1,1,1,336.9,0,1573.85,770,1713.3,1,1,1,1,1,1,1,1,1,0,4
2,48,35,0,11,50,1,16,0,0,1,0,1,0,622.75,1018.55,0,790,0,0,1,0,0,1,1,0,0,0,0,3
3,4,31,0,5,39,2,5,0,0,1,1,1,1,19.65,95.95,111.7,25,142.9,0,1,1,1,1,1,1,1,1,1,4
3,53,64,1,10,54,2,20,0,1,1,1,1,1,483.55,2053.2,2658.05,2675,3817.55,1,1,1,1,1,1,1,1,1,0,4
3,1,59,0,4,9,1,4,1,0,1,0,1,0,3.8,26.5,0,20.5,0,0,0,0,0,1,1,1,0,0,0,3
3,19,30,1,10,33,4,1,0,0,1,1,0,0,79.45,396.35,543.85,0,0,0,1,1,1,0,1,1,1,1,0,4
2,33,30,0,11,28,1,9,0,0,0,0,0,0,246.55,0,0,0,0,0,0,0,0,0,0,1,0,0,0,1
3,42,36,1,14,44,2,11,0,0,1,0,0,1,321.95,1161.3,0,0,1173.45,0,0,1,0,1,1,1,1,0,0,3
1,60,32,0,12,34,4,4,0,1,0,0,1,0,1513,0,0,615,0,1,0,0,0,0,0,0,0,0,0,2
2,57,51,1,7,68,4,18,0,1,1,0,1,0,930.4,1096,0,365,0,1,0,0,0,1,1,1,1,0,0,3
1,64,39,0,5,37,1,9,0,0,0,0,1,0,640.75,0,0,1020,0,0,0,0,0,0,0,0,0,0,0,1
2,28,20,1,1,18,3,0,0,0,0,1,0,1,190.05,0,1041.1,0,873.3,1,1,1,1,0,1,0,1,1,0,4
1,29,35,1,10,55,2,7,0,0,1,0,1,0,477.95,612.55,0,855,0,0,0,0,0,0,1,1,1,0,1,3
1,46,31,1,12,21,1,5,0,0,0,0,1,0,369.95,0,0,415,0,0,0,0,0,0,1,1,1,0,0,3
1,22,41,1,9,29,3,11,0,0,0,0,0,0,274.85,0,0,0,0,0,0,0,0,0,0,0,0,0,1,1
2,10,56,0,26,9,2,6,1,0,0,0,0,0,36.9,0,0,0,0,0,0,0,0,0,0,0,1,0,0,1
3,50,41,0,16,138,2,18,0,1,1,1,1,0,585.05,937.85,1359.05,690,0,1,0,0,0,0,0,0,0,1,1,2
1,55,65,0,34,28,4,12,1,1,1,0,1,1,1007.3,2610.55,0,835,2163.5,0,1,1,0,1,1,1,1,0,0,4
2,15,54,0,7,62,1,11,0,0,0,0,0,0,54.25,0,0,0,0,0,0,0,0,1,0,0,0,0,0,1
1,31,32,1,13,37,3,8,0,1,1,0,1,1,140.55,593.75,0,290,1771.1,1,1,1,1,1,1,1,1,0,0,4
3,5,44,0,5,83,1,16,0,1,0,1,0,0,12.3,0,90.5,0,0,1,0,0,0,0,1,0,0,0,1,2
2,69,63,0,28,168,1,43,0,1,1,0,1,0,1020.3,3097.25,0,1230,0,0,0,0,0,1,1,1,1,0,0,3
2,26,27,1,4,33,4,1,0,0,1,1,1,1,114.55,656.85,1089.7,310,810.2,1,1,1,1,1,1,1,1,1,1,4
3,10,33,1,2,66,3,9,0,1,1,0,1,0,59.3,241.8,0,220,0,0,0,0,1,1,0,1,0,0,1,1
1,26,30,0,9,18,4,1,0,0,1,0,1,0,171.85,688.35,0,840,0,0,1,1,0,1,1,1,1,0,1,4
3,25,30,0,0,20,1,4,0,1,1,0,1,0,215.95,522.15,0,370,0,0,0,0,0,1,1,0,1,0,0,3
3,30,23,1,4,19,3,1,0,0,0,1,1,0,253.05,0,1087.55,840,0,1,0,0,1,0,0,0,0,1,0,2
1,21,39,1,7,25,2,1,0,0,1,0,1,1,175.3,582,0,440,646.9,0,0,0,0,1,1,1,1,0,0,3
1,71,46,0,27,119,5,7,0,1,0,1,1,1,3080.85,0,5028.65,1020,7856.85,1,1,1,1,0,0,1,1,1,0,4
3,11,48,1,5,323,4,25,0,0,1,0,1,1,48.5,293.85,0,205,223.25,0,0,0,1,1,1,1,1,0,1,3
1,24,30,1,7,45,1,11,0,1,0,0,0,0,134.7,0,0,0,0,0,0,0,0,0,0,1,0,0,0,1
1,65,59,1,27,197,4,26,0,0,0,1,1,0,2973.55,0,1699.85,3065,0,1,0,1,0,0,0,0,0,1,0,2
1,16,34,1,13,56,3,10,0,1,0,0,0,0,157,0,0,0,0,0,0,0,0,0,0,0,0,0,1,1
3,37,51,1,26,24,4,4,0,0,0,0,1,0,288.4,0,0,480,0,1,0,0,0,0,0,0,0,1,0,2
1,5,30,0,4,25,3,6,0,0,1,1,0,0,25.45,72.45,147.4,0,0,0,0,0,0,1,1,1,0,0,1,3
1,3,55,1,9,26,5,0,0,1,0,1,0,0,22.4,0,49.55,0,0,1,1,0,1,0,0,0,0,1,1,2
1,5,32,0,6,33,4,3,0,0,0,1,0,0,24.55,0,98.4,0,0,0,0,0,1,0,0,0,0,1,1,1
1,60,44,1,4,150,2,24,0,0,1,0,1,1,1207.3,3907.8,0,870,2163.75,1,1,1,0,1,1,1,1,1,0,4
2,19,37,1,4,99,2,15,0,1,0,0,0,0,142.05,0,0,0,0,1,0,0,1,1,0,0,0,1,1,2
3,54,40,0,19,50,4,12,0,1,0,0,1,1,1266.1,0,0,310,1746.9,1,1,0,1,1,1,1,1,1,0,4
2,25,41,0,3,81,3,20,0,1,0,0,1,0,193.65,0,0,290,0,0,0,0,0,0,1,1,1,0,0,3
2,1,36,0,6,21,1,1,0,0,0,1,0,0,1.35,0,22.6,0,0,1,0,0,0,1,0,0,0,1,1,2
3,54,68,0,7,273,3,27,0,1,0,0,1,0,1003.2,0,0,325,0,0,0,0,1,0,0,0,0,1,0,1
1,14,31,1,9,39,3,4,0,1,0,0,0,0,60.65,0,0,0,0,0,0,0,0,0,0,0,0,0,0,1
3,14,28,1,7,17,2,3,0,0,0,1,0,0,86.75,0,288.05,0,0,0,0,0,0,0,0,0,0,1,1,1
2,10,45,1,8,115,3,17,0,1,0,1,0,0,52.95,0,238.9,0,0,1,0,0,1,0,0,0,0,1,1,2
1,7,23,0,3,27,2,1,0,1,1,0,1,0,21,76.05,0,55,0,0,0,0,0,0,1,1,0,0,0,1
2,33,45,0,24,35,1,6,0,0,1,0,1,0,205.75,860.95,0,780,0,0,0,1,0,1,1,1,1,0,1,3
1,3,23,0,2,20,2,4,0,0,0,1,0,0,11.2,0,68.8,0,0,0,1,0,1,0,0,0,1,1,0,1
2,56,58,1,3,92,1,25,0,0,0,0,1,0,476.7,0,0,1075,0,0,0,0,0,0,0,0,1,0,0,1
2,54,56,0,8,207,2,35,0,1,1,0,1,0,464.65,1352.25,0,455,0,0,0,0,0,1,1,1,1,0,0,3
1,72,55,1,28,40,1,11,0,0,0,0,1,0,2472.65,0,0,2770,0,1,0,0,0,0,0,0,0,0,0,2
1,18,29,0,4,40,2,1,0,0,0,1,0,0,196.2,0,401.65,0,0,0,0,0,1,1,1,1,0,0,0,3
3,25,29,0,9,55,4,1,0,0,1,0,0,0,147.95,612.45,0,0,0,0,0,0,0,1,0,0,0,1,1,1
1,42,62,0,26,26,1,35,1,1,0,0,1,0,337.75,0,0,1070,0,0,0,0,0,0,0,0,0,1,0,1
3,4,37,0,2,41,2,8,0,0,1,1,1,0,5.3,45.75,83.55,60,0,0,0,1,1,0,1,0,0,0,0,1
2,12,50,1,16,203,4,25,0,0,1,0,1,1,71.5,284.7,0,120,315.7,0,0,1,0,0,1,0,0,1,1,1
2,53,64,1,17,380,2,36,0,1,1,0,1,0,687.9,2104.3,0,825,0,0,0,0,0,1,1,1,1,0,0,3
2,13,38,1,8,104,4,6,0,0,1,0,1,1,160.4,274,0,325,723.35,0,1,1,1,1,1,1,1,1,1,4
3,18,31,1,12,24,3,4,0,0,0,0,0,0,202.2,0,0,0,0,1,0,0,0,0,0,0,0,1,0,2
3,67,42,1,20,81,3,20,0,1,1,0,1,1,1701,2799.45,0,615,2481.65,1,1,1,0,1,1,1,1,0,0,4
2,6,24,0,2,17,1,1,0,0,1,0,1,0,29.25,132.2,0,45,0,0,0,0,0,1,1,0,1,0,0,3
1,25,46,0,13,45,1,12,0,1,1,0,0,0,155,408.05,0,0,0,0,1,0,0,0,1,1,0,0,0,3
2,15,39,0,19,32,2,2,0,0,0,1,0,0,44.45,0,462.75,0,0,1,1,0,0,0,0,0,0,1,1,2
3,32,35,0,12,57,4,5,0,0,1,1,0,0,259.3,335.15,975.8,0,0,1,0,0,0,0,0,0,0,0,0,2
2,22,39,0,0,63,4,9,0,0,0,1,0,0,121.7,0,425.25,0,0,1,0,0,1,0,0,0,0,1,1,2
2,8,22,0,3,25,4,0,0,0,1,0,1,1,61.55,264,0,155,153.7,0,1,0,0,1,1,1,1,0,0,3
1,3,31,1,4,22,1,1,0,0,0,1,0,0,7.6,0,35.45,0,0,0,0,0,1,0,1,0,0,1,1,1
2,32,54,0,6,155,2,20,0,0,0,0,0,0,528.5,0,0,0,0,0,0,0,0,0,0,0,0,0,0,1
1,49,54,0,24,30,2,5,0,0,0,0,1,0,754.8,0,0,625,0,1,0,0,0,0,0,1,0,0,0,2
2,2,28,0,7,46,3,0,0,1,0,0,0,1,6.55,0,0,0,10.45,1,0,1,0,1,1,0,1,1,0,4
1,39,47,0,1,68,4,10,0,1,0,0,0,0,308.55,0,0,0,0,1,0,0,1,0,0,0,0,1,1,2
1,42,33,0,2,67,2,5,0,0,0,0,1,0,270.2,0,0,1075,0,1,0,0,0,0,0,0,1,0,0,2
1,28,36,0,3,69,3,2,0,0,1,1,1,1,153.05,697.05,1117.15,835,1020.95,1,1,1,0,1,1,1,1,1,0,4
2,41,46,1,14,47,2,11,0,0,1,1,1,1,279.7,1665,2197.6,830,1956.7,1,1,1,0,1,1,1,1,0,0,4
3,67,50,1,31,83,2,12,0,0,0,1,1,0,1921.55,0,1515.4,1240,0,1,0,0,0,0,0,0,0,1,0,2
1,38,40,0,15,34,2,11,0,1,0,1,1,0,157.6,0,779.65,275,0,1,0,0,1,0,0,0,0,0,0,2
2,18,38,0,8,45,2,2,0,1,1,1,1,1,45.6,609.2,654.75,270,422.5,0,1,0,1,1,1,1,1,1,1,4
2,6,42,1,17,29,2,2,0,1,1,0,1,1,13.4,159.15,0,165,162,0,1,1,0,1,1,1,1,0,0,4
2,4,36,0,0,21,2,1,0,1,0,0,0,0,22.1,0,0,0,0,0,0,0,0,0,0,0,1,0,0,1
1,13,23,1,3,30,3,0,0,1,1,1,0,0,53.5,294.55,294.35,0,0,1,1,1,1,1,0,1,1,0,0,4
1,20,35,0,0,78,4,7,0,0,0,1,0,1,97.15,0,825.45,0,701.05,1,1,1,1,0,1,1,0,1,1,4
1,34,49,1,27,61,3,15,0,1,1,0,0,0,414.9,1119.35,0,0,0,0,0,0,0,1,1,1,1,0,0,3
1,46,29,1,4,90,5,3,0,0,1,0,1,1,736.45,1817.75,0,1480,1783.15,0,1,1,1,1,1,1,1,0,0,4
1,48,41,0,21,43,2,7,0,0,0,0,1,0,887.7,0,0,530,0,1,0,0,0,0,0,0,0,0,0,2
3,69,61,1,12,301,2,37,0,0,1,1,1,1,1738.15,2589.3,2768.85,1110,2590.2,1,1,0,0,1,1,1,1,0,0,3
1,32,34,1,7,32,2,15,0,0,0,0,0,0,285.75,0,0,0,0,0,0,0,0,0,0,0,1,0,0,1
1,29,29,0,9,41,2,9,0,0,1,1,0,0,112,626.6,1010.1,0,0,1,0,0,0,0,0,1,1,1,0,2
3,55,52,0,22,127,1,28,0,1,0,0,1,0,400.55,0,0,1150,0,1,1,0,0,0,0,0,0,1,0,2
3,72,60,1,36,271,1,43,0,1,0,0,1,0,1580.4,0,0,3665,0,1,0,0,0,1,1,1,1,0,0,3
3,29,26,0,1,32,3,2,0,1,0,0,1,0,111.5,0,0,440,0,0,1,0,0,0,0,0,1,0,1,1
2,50,25,1,1,36,4,2,0,1,0,1,1,1,682.2,0,1928.2,545,1964.2,1,1,1,0,1,1,1,1,1,0,4
3,35,50,1,11,293,3,21,0,0,0,1,0,0,416.4,0,793.4,0,0,0,0,0,0,0,0,0,0,1,1,1
3,11,63,0,9,41,3,3,0,0,0,1,0,0,46.35,0,299.65,0,0,0,0,0,1,0,0,0,0,1,1,1
1,9,29,0,9,39,3,5,0,1,0,0,0,0,22,0,0,0,0,0,0,0,0,0,0,0,0,1,0,1
2,51,48,0,27,58,1,18,0,0,1,0,1,0,964.85,1320.05,0,390,0,0,0,0,0,1,0,1,1,0,1,3
1,33,34,1,2,28,1,3,0,1,0,0,0,0,438.9,0,0,0,0,1,0,0,1,1,0,0,0,0,0,2
1,25,20,0,0,15,2,0,0,0,1,0,1,0,296.75,572.25,0,405,0,0,0,0,0,1,1,1,1,0,0,3
3,31,34,0,9,105,4,7,0,1,0,0,1,0,182.35,0,0,170,0,0,0,0,0,0,1,0,1,0,0,3
2,67,40,1,10,80,4,8,0,1,1,1,1,1,2225.15,1391.6,3532.1,1215,3185.35,1,1,1,1,1,1,1,1,1,0,4
3,55,45,0,8,36,2,9,0,0,1,0,1,0,1423,2294.75,0,630,0,1,1,0,0,1,1,1,1,0,0,3
3,19,50,0,7,112,4,3,0,1,0,1,1,1,160.2,0,817.25,265,893.75,1,1,1,0,1,1,0,1,1,0,4
1,39,34,1,11,55,4,10,0,1,1,1,1,1,742.5,1307.8,2171.65,1385,1867.5,0,1,1,1,1,1,1,1,0,0,4
2,52,35,1,8,40,4,1,0,0,1,1,1,1,546.65,1772.35,1726.45,615,2407.15,1,1,0,0,1,1,1,1,0,0,3
3,55,37,1,15,23,2,0,0,1,1,0,1,0,716.25,1783.55,0,1355,0,1,0,0,0,1,1,1,1,0,0,3
2,25,62,0,27,28,4,33,1,1,1,1,1,1,160.4,359.25,1183.65,430,1117.55,1,1,1,0,1,1,1,1,1,1,4
3,33,58,0,12,21,2,23,1,1,0,0,1,0,264.05,0,0,690,0,0,0,0,0,0,0,0,0,0,0,1
2,48,35,0,5,63,4,12,0,0,0,0,1,0,560.55,0,0,1315,0,1,0,1,0,1,1,1,1,0,1,3
2,48,31,1,12,52,4,3,0,0,1,1,1,1,364.8,1323.5,2289.7,1410,2725.3,1,1,1,1,1,1,1,1,1,0,4
2,49,57,0,3,189,1,31,0,1,0,0,1,0,476.15,0,0,405,0,0,0,0,0,0,0,0,0,0,0,1
3,54,32,1,0,50,1,15,0,0,1,1,1,0,958.7,2530.9,2610.6,1105,0,0,0,0,0,1,1,1,1,0,1,3
1,45,32,1,9,23,1,15,0,0,0,0,0,0,469.1,0,0,0,0,0,0,0,0,0,0,0,0,0,0,1
3,4,37,1,1,33,2,15,0,1,0,1,0,0,19.25,0,65.1,0,0,0,0,0,1,0,0,0,0,1,1,1
3,49,27,1,3,29,3,6,0,1,0,1,0,0,476.45,0,2096.75,0,0,1,1,0,1,0,0,0,0,1,1,2
2,23,35,0,2,96,3,4,0,0,0,1,1,1,160.3,0,788.4,450,979.25,1,1,1,1,1,1,1,1,1,1,4
2,31,44,0,23,80,5,15,0,0,1,1,0,0,465.2,306.05,916.5,0,0,1,0,0,1,0,0,0,0,1,1,2
2,55,44,1,2,68,2,15,0,0,1,0,1,0,350.85,2423.3,0,1685,0,0,0,0,0,1,1,1,1,0,0,3
1,9,28,0,7,30,1,4,0,1,0,0,0,0,47.45,0,0,0,0,0,0,0,0,0,0,0,0,0,0,1
2,55,57,1,25,34,2,12,0,0,0,0,1,0,785.4,0,0,1600,0,0,0,0,0,0,0,0,0,0,0,1
1,34,30,0,3,35,2,2,0,1,1,0,1,0,333,695.95,0,275,0,0,1,0,0,1,1,1,1,1,0,3
1,10,23,0,4,36,2,1,0,0,1,0,1,0,86.05,142.05,0,200,0,0,0,0,0,1,1,1,1,0,0,3
2,62,76,0,20,35,3,18,1,1,0,0,1,0,1045.7,0,0,1085,0,1,0,0,0,1,0,0,0,1,0,2
2,51,36,0,13,62,3,9,0,0,1,0,1,1,305.75,1872.75,0,995,2005.45,1,1,1,1,1,1,1,1,0,0,4
1,65,48,0,28,94,1,25,0,0,0,0,1,0,664.65,0,0,1470,0,1,0,0,0,0,0,0,0,0,0,2
3,53,33,0,1,60,1,6,0,0,1,0,1,1,950.7,1502.2,0,2170,1524.6,0,1,1,0,1,1,1,1,0,0,4
1,23,35,0,4,118,2,11,0,0,0,1,0,0,196.95,0,672.4,0,0,0,1,0,1,0,0,0,0,1,1,1
3,1,30,0,3,135,4,3,0,0,1,1,1,0,1.1,5.75,22.8,2.75,0,0,0,0,1,1,0,0,0,1,1,1
3,66,55,0,20,80,2,24,0,1,1,0,1,0,938.35,2128.2,0,965,0,1,0,0,0,1,1,1,1,0,0,3
3,8,27,1,0,21,3,3,0,1,0,1,0,0,38.05,0,235.75,0,0,1,0,0,1,0,0,0,0,1,0,2
3,18,28,1,3,22,1,2,0,1,0,0,1,0,55.55,0,0,175,0,0,0,0,0,0,0,0,0,0,0,1
3,36,32,1,3,63,4,7,0,0,0,1,1,0,229.5,0,991.35,415,0,1,0,0,1,0,0,0,1,0,0,2
1,13,40,0,16,142,2,18,0,1,0,0,0,0,109.85,0,0,0,0,0,0,0,0,0,0,0,0,0,1,1
3,4,44,0,15,32,3,0,0,1,1,1,1,0,6.9,44.95,82.25,25,0,0,1,0,1,1,0,1,1,0,1,3
3,20,32,0,10,19,3,5,0,0,0,1,0,0,106.5,0,701.5,0,0,1,0,0,1,0,0,0,0,1,0,2
1,66,39,1,12,60,4,10,0,0,1,1,1,1,1443.75,2490.65,2895.25,1055,2322.2,1,1,1,1,1,1,1,1,1,0,4
3,67,47,1,7,97,1,23,0,0,0,0,1,0,1464.9,0,0,1225,0,0,0,0,0,1,1,1,1,0,0,3
1,11,24,1,0,31,2,3,0,1,1,1,1,1,83.15,189.45,422.8,140,331.65,0,1,1,1,1,1,1,0,1,1,4
1,6,26,0,7,30,3,1,0,1,0,1,0,0,30.8,0,109.25,0,0,0,0,0,1,0,0,0,0,0,1,1
2,13,23,1,4,31,1,5,0,1,0,1,0,1,54.85,0,398.95,0,339.75,0,1,1,1,0,0,0,0,1,0,1
2,2,29,1,3,44,2,9,0,1,1,1,1,1,5.1,31.3,47.05,5,24.2,1,1,1,1,1,1,1,1,1,1,4
1,4,40,0,12,38,2,5,0,0,0,0,1,0,32.25,0,0,25,0,0,0,0,0,0,0,0,0,0,0,1
1,34,63,1,10,23,2,0,0,1,1,1,1,1,459.05,616.5,1396.3,495,984.1,1,1,1,1,1,1,1,1,1,0,4
1,13,34,1,6,37,3,6,0,0,0,0,0,0,102.5,0,0,0,0,0,0,0,0,0,1,0,1,0,0,3
2,37,40,1,14,26,2,0,0,0,0,0,1,0,653.15,0,0,470,0,1,0,0,0,0,0,0,0,1,0,2
1,45,30,1,8,38,2,5,0,0,0,0,1,0,622.15,0,0,1015,0,1,0,0,0,0,1,1,1,0,0,3
2,71,70,0,30,153,3,34,1,1,1,0,1,1,2291.1,3114.95,0,1805,3292.65,1,0,0,0,1,1,1,1,0,0,3
1,35,40,0,5,49,1,20,0,1,0,0,0,0,107.85,0,0,0,0,0,0,0,0,0,0,0,0,0,0,1
3,44,41,0,21,51,3,7,0,0,0,1,1,0,203.65,0,1301.85,460,0,0,0,0,1,0,0,0,0,1,0,1
3,44,45,1,19,88,1,21,0,0,1,0,1,0,524.25,1108.4,0,305,0,1,0,0,0,1,1,1,1,0,0,3
1,26,41,1,20,19,1,0,0,1,0,0,0,0,165.4,0,0,0,0,0,0,0,0,0,0,0,0,0,0,1
2,42,46,1,9,31,1,12,0,1,0,0,1,0,277.65,0,0,945,0,0,0,0,0,0,0,0,1,0,0,1
2,41,47,1,6,90,2,19,0,0,0,1,1,0,251.35,0,825.15,1240,0,0,0,0,1,0,0,0,0,0,1,1
1,31,24,1,3,14,1,0,0,0,0,0,0,0,231.75,0,0,0,0,0,0,0,0,0,0,0,0,0,0,1
3,62,63,0,43,341,2,30,0,0,0,0,1,0,912.4,0,0,845,0,0,1,0,1,1,1,0,1,0,1,3
1,12,23,1,2,24,4,0,0,1,1,0,1,1,35.5,502,0,210,373,0,1,1,1,1,1,1,1,0,0,4
2,45,49,1,27,81,2,7,0,1,1,0,1,0,583.1,2284.25,0,935,0,0,0,0,0,1,1,1,1,0,0,3
1,47,34,1,4,63,2,13,0,1,0,0,1,0,880.75,0,0,1395,0,0,0,0,0,0,0,0,0,0,0,1
2,23,22,1,1,27,1,4,0,0,1,0,1,0,210.85,515.8,0,345,0,1,0,0,0,1,1,1,0,0,0,3
3,39,34,0,4,20,5,3,0,1,1,1,1,1,375.4,872.5,2361.9,385,2973,1,1,1,1,1,1,1,1,1,0,4
2,19,26,0,2,48,3,0,0,0,0,0,1,0,156.15,0,0,105,0,0,1,0,0,1,1,1,0,0,0,3
1,13,54,0,12,121,4,23,0,0,0,0,0,0,102.4,0,0,0,0,0,0,0,0,1,0,1,1,0,0,3
2,5,33,0,6,39,3,4,0,0,1,1,0,0,5.2,81.15,103.45,0,0,1,0,1,0,1,1,1,1,1,1,4
2,11,19,0,0,21,2,0,0,0,0,0,0,0,35.4,0,0,0,0,0,0,0,0,0,0,0,0,1,1,1
3,4,32,0,2,53,4,5,0,0,1,1,0,0,29.2,56.45,90.75,0,0,0,0,1,0,0,0,0,0,1,1,1
3,17,42,0,8,58,1,23,0,0,0,1,0,0,85.05,0,523.05,0,0,1,1,0,1,0,1,0,0,0,1,2
2,7,27,0,3,39,3,2,0,0,0,0,0,0,19.7,0,0,0,0,0,0,0,0,0,0,1,0,0,1,1
1,19,65,0,3,108,1,33,0,0,1,0,1,0,117.55,423.6,0,190,0,0,0,0,0,1,1,1,1,0,0,3
2,32,34,1,0,38,1,10,0,0,0,0,1,0,217.45,0,0,600,0,1,0,0,0,0,0,0,0,1,0,2
2,53,51,0,31,245,4,0,0,0,1,0,1,0,961.75,1535.25,0,570,0,1,0,0,0,0,0,0,1,0,0,2
1,51,38,0,19,51,1,18,0,1,1,0,1,0,577.1,1267.2,0,1195,0,0,1,0,0,1,1,1,1,0,0,3
1,35,34,0,7,78,4,10,0,1,0,0,1,0,556.2,0,0,135,0,0,0,0,0,0,0,0,0,0,0,1
1,3,31,1,4,23,4,4,0,0,1,1,1,1,8.2,74.45,44.4,70,47.9,0,1,1,0,1,1,1,1,1,1,4
1,22,48,0,7,88,4,12,0,0,0,1,0,0,92.65,0,646.05,0,0,0,0,0,1,0,0,0,0,0,1,1
3,17,21,1,0,25,2,1,0,1,0,0,0,0,89.6,0,0,0,0,1,0,0,0,1,0,1,1,1,0,3
2,68,39,0,20,73,2,16,0,1,1,0,1,0,3002.2,1089.05,0,1295,0,1,0,0,0,0,0,0,0,0,0,2
2,27,41,1,7,62,4,15,0,1,1,0,1,0,371.35,450,0,165,0,0,0,0,0,1,0,0,1,0,0,3
3,68,52,1,8,456,3,30,0,1,1,0,1,1,1549.95,1782.1,0,1885,2096.55,1,0,0,0,1,1,1,1,0,0,3
3,56,42,1,10,24,2,5,0,0,0,0,0,0,1871.2,0,0,0,0,0,0,0,0,1,1,1,1,0,0,3
3,11,32,0,8,23,2,0,0,1,0,1,1,0,82.6,0,242.9,95,0,0,0,0,1,0,0,0,0,1,0,1
3,5,47,0,7,46,1,6,0,1,0,0,1,0,21.55,0,0,35,0,0,0,0,0,1,0,1,0,0,1,1
3,16,50,0,5,263,2,29,0,1,1,1,0,1,59.75,253.35,463.25,0,309.05,0,0,0,0,1,1,1,1,1,0,3
2,59,30,0,2,34,4,2,0,1,0,1,1,0,1020.35,0,1939.15,680,0,1,1,0,0,0,0,0,0,0,0,2
1,60,64,0,14,33,2,13,1,0,1,0,1,1,1829.4,1391,0,670,2962.1,1,1,1,0,1,1,1,1,1,0,4
3,55,47,0,11,37,1,11,0,0,1,0,1,0,786.2,1170.75,0,570,0,0,0,0,0,1,0,0,1,0,0,3
1,18,56,0,22,296,2,25,0,0,0,0,1,0,49.7,0,0,160,0,0,0,0,0,1,0,0,0,0,0,1
2,16,22,0,0,26,3,0,0,1,0,1,0,0,64.95,0,514.15,0,0,1,0,0,0,0,0,0,0,1,1,2
1,35,57,1,32,47,4,12,0,0,0,1,1,0,263.55,0,1153.35,630,0,1,0,0,1,0,0,0,0,0,0,2
3,31,23,1,1,31,3,1,0,1,1,1,1,1,520.4,537.4,1712.5,450,1533.9,0,1,1,1,1,1,1,1,1,1,4
2,20,49,1,5,264,2,29,0,1,0,0,0,0,159.2,0,0,0,0,0,0,0,0,0,1,0,0,0,0,1
2,16,27,0,5,41,4,2,0,1,1,1,1,1,100.9,278.5,615.4,255,450.45,0,1,1,1,1,1,1,1,1,1,4
2,69,48,1,27,55,2,4,0,0,1,1,1,0,1411.7,2396.7,2440.55,4125,0,1,0,0,0,0,1,1,0,0,0,3
3,69,66,1,31,49,2,15,0,0,1,0,1,0,1566.8,2063.45,0,1750,0,0,0,0,0,0,0,0,0,0,0,1
2,27,24,1,3,26,1,7,0,1,0,0,0,0,137.7,0,0,0,0,0,0,1,0,0,0,0,0,0,1,1
3,48,39,0,20,110,4,9,0,0,1,0,1,1,812.65,1472.7,0,475,1503.95,1,0,1,0,1,1,1,1,0,0,3
1,18,52,1,20,66,1,19,0,1,1,0,1,0,204.95,520.6,0,170,0,0,0,0,1,0,0,1,0,0,0,1
2,24,40,1,4,39,3,5,0,1,1,0,1,1,117.05,628.05,0,570,529.1,0,0,1,0,1,1,1,1,0,0,3
2,17,42,0,6,31,2,2,0,0,1,0,0,1,140.85,404.8,0,0,447.95,1,1,0,0,1,1,0,1,1,1,4
2,9,24,1,3,26,4,1,0,1,0,1,0,0,75.25,0,169.75,0,0,0,0,0,0,0,0,1,0,0,0,1
2,15,46,0,5,232,4,15,0,1,1,1,1,1,41.35,357.5,582,305,474.5,0,1,1,1,1,1,1,1,1,1,4
1,62,37,1,10,43,4,1,0,1,0,1,1,0,539.65,0,2302.4,1160,0,1,0,0,0,1,0,0,0,0,0,2
1,9,41,0,12,39,4,3,0,0,0,1,0,1,26.3,0,318.25,0,135.95,0,1,1,1,0,0,0,0,1,1,1
2,71,41,1,10,73,2,23,0,1,0,0,1,0,2412.6,0,0,3085,0,1,0,0,0,1,1,1,0,0,0,3
2,62,59,1,37,74,1,20,0,0,1,0,1,0,972,2245.35,0,645,0,0,0,0,0,1,1,1,1,0,0,3
2,20,38,0,19,237,4,13,0,0,1,1,1,1,164.2,473.4,711.4,215,491.1,0,0,1,1,1,1,1,0,0,0,4
1,19,33,1,11,22,1,3,0,0,0,0,1,0,79.6,0,0,685,0,1,0,0,0,1,1,0,1,0,0,3
2,49,61,1,28,21,1,8,0,0,1,0,1,0,757.4,1228.85,0,395,0,0,0,0,0,1,1,1,1,0,0,3
3,3,64,0,3,9,2,6,1,0,0,0,0,0,14.8,0,0,0,0,0,0,0,0,0,0,0,0,0,1,1
1,33,36,0,2,41,5,10,0,0,0,1,0,1,93.25,0,1225.35,0,841.95,0,1,0,1,0,0,0,0,1,1,1
2,38,44,0,1,50,4,7,0,1,0,1,1,0,277.5,0,891.8,355,0,1,0,0,1,0,0,0,0,1,1,2
3,42,48,1,14,27,3,5,0,1,1,1,1,1,692.2,1540.15,2100.25,910,1199.95,1,1,0,0,1,1,1,1,1,0,4
1,11,26,0,2,53,3,3,0,0,1,1,1,1,34.7,188.35,431.3,110,415.8,1,1,1,1,0,1,1,0,1,1,4
3,27,28,1,0,58,3,0,0,0,1,0,0,0,163.65,566.15,0,0,0,0,0,0,0,1,1,0,1,0,0,3
3,23,50,0,1,151,4,8,0,1,1,0,0,0,186.5,438.4,0,0,0,0,0,0,0,1,0,0,0,0,0,1
2,4,38,1,13,54,2,4,0,0,1,0,1,1,21.75,115,0,140,50.45,0,1,0,0,1,1,1,1,0,0,3
3,36,42,0,5,31,1,4,0,1,0,0,0,0,373.75,0,0,0,0,0,0,0,0,0,0,0,0,0,1,1
2,37,42,0,10,115,1,22,0,1,0,0,1,0,494.45,0,0,665,0,0,0,0,0,1,1,1,1,0,0,3
3,24,58,1,30,24,1,5,0,0,1,0,0,0,177.4,420.65,0,0,0,0,0,0,0,0,0,0,0,0,0,1
3,4,24,0,1,17,2,2,0,0,0,0,0,0,9.9,0,0,0,0,0,0,0,0,0,0,0,0,0,1,1
3,54,33,0,5,47,2,13,0,1,1,0,1,0,732.2,1671.9,0,1125,0,0,0,0,0,1,1,0,1,0,0,3
3,7,49,0,8,36,1,0,0,1,1,0,1,0,77,123.3,0,325,0,0,0,0,0,1,1,1,1,0,1,3
1,10,28,0,9,75,4,1,0,0,1,1,1,1,45.95,225.85,373.15,340,290.65,0,1,1,1,1,1,1,1,1,1,4
3,24,35,1,10,41,5,6,0,1,0,1,0,0,88.65,0,711.2,0,0,1,0,0,1,0,0,0,0,1,0,2
3,12,31,0,8,18,4,4,0,0,0,1,0,0,48.55,0,243.4,0,0,0,0,0,1,0,0,0,0,1,1,1
2,45,54,0,25,171,3,33,0,1,1,0,1,0,385.2,845.65,0,365,0,0,0,0,0,1,1,1,1,0,0,3
3,59,55,1,29,42,3,21,0,1,0,0,1,0,492.35,0,0,855,0,1,0,0,0,0,0,0,0,0,0,2
1,3,21,1,1,36,3,0,0,1,0,0,0,0,13.55,0,0,0,0,0,0,0,0,0,0,0,0,0,0,1
3,8,35,0,6,31,5,7,0,0,1,1,0,1,34.65,155.15,237.8,0,288.25,1,1,1,1,1,1,1,1,1,1,4
1,16,59,0,5,207,2,37,0,1,1,0,1,0,112.8,280.85,0,150,0,0,0,1,0,0,1,1,1,1,0,4
3,32,33,0,1,38,1,12,0,1,0,0,1,0,231.45,0,0,1050,0,0,0,0,0,0,0,0,0,0,0,1
1,8,49,0,14,134,4,9,0,1,1,1,1,1,36.2,226.3,459.15,155,444.65,1,1,1,1,1,1,1,1,1,1,4
1,9,28,1,8,28,3,4,0,0,0,1,0,0,36.45,0,230.3,0,0,1,0,0,1,0,0,0,1,1,1,2
2,12,19,1,0,15,2,0,0,1,0,1,0,0,102.45,0,274.7,0,0,1,0,0,0,0,0,0,0,0,0,2
2,24,43,1,15,48,4,4,0,0,1,1,1,1,339.55,591.2,870.05,1415,901.6,1,1,1,1,1,1,1,1,1,0,4
3,72,75,0,48,14,2,6,1,1,0,0,1,0,2686.25,0,0,7515,0,1,0,0,0,0,0,0,0,0,0,2
3,58,61,0,42,101,4,18,0,1,0,0,1,0,956.85,0,0,925,0,1,0,0,1,0,0,0,0,0,0,2
1,70,44,1,24,87,2,18,0,0,1,0,1,0,1399.3,3310.4,0,1735,0,1,1,0,0,1,1,1,1,0,0,3
3,9,25,0,3,27,1,4,0,1,0,0,0,0,121.75,0,0,0,0,0,0,0,0,0,0,0,0,0,1,1
1,49,25,0,1,27,5,0,0,1,0,1,1,1,496.95,0,2054.95,270,1252.85,1,1,1,1,0,0,0,0,1,0,2
3,52,54,0,7,59,3,22,0,0,1,0,1,1,800.25,1644.05,0,1055,1991.75,1,0,0,0,1,1,0,1,0,0,3
1,10,42,1,10,294,4,9,0,1,1,1,1,1,32.75,285.35,427.75,185,330.55,1,1,1,1,1,1,1,1,1,1,4
1,14,52,1,2,44,3,5,0,0,0,0,1,1,68.95,0,0,185,212.25,0,1,0,0,1,1,0,0,0,0,3
1,19,27,1,3,35,2,4,0,0,1,0,1,0,116.2,398.15,0,415,0,0,1,1,0,1,1,1,1,0,0,4
3,12,36,1,4,205,4,10,0,1,0,1,0,1,53.75,0,433.05,0,397.3,1,1,1,1,0,0,0,0,1,1,2
1,65,59,0,27,732,3,31,0,1,0,0,1,0,600.5,0,0,820,0,1,1,0,0,0,0,1,1,1,0,2
1,67,40,1,14,59,3,11,0,0,1,0,1,0,1722.5,1959.95,0,1245,0,0,0,0,0,1,1,1,1,0,0,3
2,29,24,1,3,23,1,7,0,0,1,0,1,0,319.65,885.15,0,500,0,0,0,0,0,1,1,1,1,0,0,3
3,55,46,0,8,87,2,19,0,1,0,1,1,0,982.9,0,1449.6,785,0,0,0,0,1,0,0,1,1,1,0,1
3,71,67,1,25,110,1,23,0,1,1,0,1,0,2255.65,1487.7,0,1175,0,0,0,0,0,0,1,1,1,0,0,3
3,5,44,1,2,83,3,14,0,1,1,0,1,1,32,131.95,0,50,80.35,0,1,0,1,1,1,1,1,0,1,3
3,60,58,0,0,63,4,21,0,1,1,1,1,0,1012.55,1581.7,1395.1,805,0,1,0,0,0,0,0,0,0,1,0,2
2,10,40,0,6,22,3,6,0,1,0,0,0,0,59.95,0,0,0,0,0,0,0,1,0,0,0,0,0,1,1
3,52,64,0,44,43,3,7,0,0,1,1,1,1,647.95,1542.25,2570.65,1210,1846.5,1,1,1,1,1,1,1,1,0,0,4
2,61,43,1,22,35,2,11,0,0,1,0,1,0,1264,933.8,0,1065,0,1,0,0,1,0,0,0,0,1,0,2
1,61,29,1,5,48,2,11,0,0,0,0,1,0,1035.95,0,0,2165,0,1,0,0,0,0,0,0,1,0,0,2
2,67,47,1,19,69,3,12,0,0,1,0,1,0,3235.55,1838.2,0,690,0,1,0,0,0,1,1,1,1,0,0,3
3,41,42,1,12,26,4,5,0,0,0,0,0,0,482.4,0,0,0,0,1,0,0,1,0,0,1,0,0,0,2
1,30,28,0,1,20,1,8,0,1,0,0,0,0,369.45,0,0,0,0,0,0,0,0,0,0,0,0,0,1,1
1,24,46,0,12,43,2,6,0,0,1,0,1,1,307.75,1079.05,0,820,662.2,0,1,1,0,1,1,1,1,1,0,4
1,72,75,0,37,33,1,44,1,1,1,0,1,0,3417.4,2254.15,0,1835,0,1,0,0,0,0,0,0,1,0,0,2
2,17,35,0,7,66,2,11,0,0,0,1,1,1,79.05,0,501.05,155,484.2,1,1,1,1,1,0,1,1,1,1,4
2,65,72,0,46,12,2,0,1,0,0,0,1,0,1872.8,0,0,1160,0,1,0,0,0,0,1,1,1,0,0,3
1,15,30,1,8,90,2,11,0,0,1,0,1,1,125.8,265.55,0,150,375.9,0,0,1,1,1,1,1,1,1,0,4
1,34,33,0,8,35,3,2,0,1,0,0,0,0,258.4,0,0,0,0,1,0,0,0,0,0,0,0,0,1,2
1,26,43,0,23,51,5,4,0,1,0,1,0,0,267.6,0,597.65,0,0,1,0,0,1,0,0,0,0,0,1,2
2,36,45,0,22,117,3,15,0,1,0,0,0,0,429.1,0,0,0,0,1,0,0,0,0,0,0,0,1,0,2
1,60,48,0,29,100,2,26,0,1,1,0,1,0,1567.6,2481.25,0,745,0,0,0,0,0,1,1,1,1,0,0,3
1,16,54,0,20,147,1,29,0,0,1,0,1,0,98.5,357.95,0,90,0,0,0,0,0,1,1,1,1,0,0,3
2,1,33,0,5,53,4,6,0,1,0,0,0,0,1.95,0,0,0,0,0,0,0,0,0,0,0,0,0,1,1
3,56,30,1,9,57,5,2,0,0,0,1,1,0,948.3,0,1984.15,365,0,1,1,0,1,0,0,0,0,1,0,2
2,6,50,0,5,37,2,0,0,0,0,1,0,0,38.4,0,131.2,0,0,1,0,0,0,0,0,0,0,1,0,2
2,48,34,0,7,42,3,2,0,1,0,0,1,0,678.3,0,0,355,0,1,0,0,0,0,1,0,0,0,0,2
2,34,36,1,17,50,1,4,0,0,1,0,1,0,326.8,824.25,0,405,0,0,0,0,0,1,1,1,1,0,0,3
2,54,42,1,0,55,4,2,0,0,1,1,1,1,695.2,3086.35,3277.85,1050,4138.55,1,1,1,1,1,1,1,1,1,1,4
3,38,31,1,2,42,2,7,0,1,1,0,1,0,407.55,772.5,0,335,0,0,1,1,0,1,1,1,1,0,0,4
2,25,55,0,15,37,1,7,0,1,0,0,0,0,302.8,0,0,0,0,0,0,0,0,0,0,0,0,0,1,1
1,47,69,1,17,228,3,39,0,1,1,1,1,1,464.35,1670.95,1766.9,1025,2404.8,1,1,1,1,1,1,1,1,1,1,4
1,72,62,1,35,163,5,31,0,0,1,1,1,1,2017.6,2276.3,3225.45,2845,4109.9,1,1,1,1,1,1,1,1,0,0,4
2,6,35,1,6,28,4,3,0,1,1,1,1,1,9.35,103.3,190.3,95,154.55,0,0,1,1,1,1,1,1,0,0,4
1,30,51,1,9,118,5,21,0,1,0,0,0,0,201.4,0,0,0,0,0,0,0,0,0,0,0,0,0,0,1
1,65,70,1,9,115,2,39,1,1,1,0,1,1,1749.6,1629.65,0,2865,2213.65,1,1,0,0,1,1,1,1,1,0,4
1,22,44,1,19,37,4,1,0,0,1,0,1,0,332.9,702.05,0,370,0,1,1,0,0,1,1,1,1,0,0,3
1,60,53,0,32,93,1,28,0,0,1,0,1,0,806.35,2493.9,0,1260,0,0,0,0,0,1,1,1,1,0,0,3
2,19,32,0,12,71,4,5,0,1,1,1,1,1,97.4,419.25,1142.55,275,928.45,1,1,1,1,1,1,1,1,1,1,4
3,18,25,0,4,26,2,7,0,1,1,0,1,0,50.35,531.1,0,540,0,0,0,0,0,0,0,0,1,0,0,1
1,9,37,1,10,14,4,5,0,1,0,1,0,0,22.6,0,183.25,0,0,0,0,0,0,1,0,0,0,0,1,1
1,1,34,1,6,18,1,0,0,1,0,0,0,0,1.6,0,0,0,0,0,0,0,1,0,0,0,0,0,1,1
3,10,28,1,2,36,4,0,0,1,1,1,0,1,67.5,175.15,239.4,0,205.15,0,1,1,1,1,1,1,1,1,0,4
3,45,34,1,14,43,4,0,0,0,0,1,0,0,315.2,0,1446.45,0,0,1,0,0,1,0,0,0,0,1,1,2
1,25,28,1,6,41,4,4,0,1,1,1,1,1,138.85,363.75,849.85,775,616.55,0,1,0,0,0,1,1,1,1,1,3
3,66,39,0,1,66,2,15,0,1,0,0,1,0,785.7,0,0,785,0,1,0,0,0,0,0,0,0,0,0,2
1,27,67,0,1,33,4,19,1,1,1,1,1,0,136.9,481.7,807.75,320,0,1,1,0,0,0,1,1,1,0,1,3
1,19,41,0,5,53,4,6,0,0,0,0,0,0,157.3,0,0,0,0,0,0,0,0,1,0,0,0,0,0,1
2,17,41,1,9,28,4,3,0,0,0,0,1,0,27.1,0,0,140,0,0,0,0,0,1,1,0,0,0,0,1
2,16,36,0,13,58,4,4,0,0,1,1,0,0,89.95,286.4,477.8,0,0,0,0,0,0,0,1,1,0,1,0,1
1,8,42,1,2,129,4,17,0,1,0,0,0,0,63.8,0,0,0,0,0,0,0,1,0,0,0,1,1,0,1
1,3,25,0,0,65,4,0,0,1,0,1,1,0,5.9,0,47.65,5,0,0,1,0,1,1,1,0,1,1,1,4
3,59,57,0,26,311,3,36,0,1,0,0,1,0,1719.2,0,0,415,0,0,0,0,0,0,0,0,0,0,0,1
2,45,37,0,2,57,3,14,0,1,0,1,0,0,508.8,0,1064.75,0,0,1,0,0,0,0,0,0,0,1,0,2
1,66,62,0,31,47,2,4,0,1,1,0,1,0,2298.25,1425.35,0,1355,0,1,0,0,0,0,0,0,0,0,0,2
3,28,50,1,7,25,1,3,0,0,0,0,1,0,378.85,0,0,345,0,0,0,0,0,0,0,1,0,0,0,1
1,15,38,1,11,46,5,11,0,0,0,0,0,0,56.3,0,0,0,0,0,0,0,0,1,0,0,0,0,1,1
3,39,34,1,10,51,3,13,0,1,1,0,1,1,304.45,3104.5,0,1390,1407.85,0,1,1,0,1,1,1,1,0,0,4
3,38,33,0,4,19,2,5,0,1,1,0,0,0,323.85,590.45,0,0,0,0,0,0,0,1,1,0,0,0,0,3
3,34,29,0,5,26,3,4,0,1,0,1,0,0,195.2,0,780.85,0,0,1,0,0,1,0,0,0,0,1,0,2
3,60,57,1,18,72,5,30,1,0,1,1,1,1,1263.9,1806.85,3005.2,1140,3353.5,1,1,1,1,1,1,1,1,1,0,4
3,72,65,1,33,71,1,41,1,1,1,0,1,0,4036.9,1717.45,0,4585,0,1,0,0,0,1,1,1,0,0,0,3
1,42,42,1,9,41,2,13,0,0,1,0,0,0,597.2,1250.1,0,0,0,0,1,0,0,0,1,1,0,0,0,3
3,32,37,0,9,44,2,7,0,0,0,0,0,0,359.35,0,0,0,0,0,0,0,0,0,0,0,1,1,0,1
3,48,50,1,4,208,4,19,0,1,1,1,1,1,652.9,1108.9,1913.55,570,1905.85,1,1,1,1,1,1,0,1,1,1,4
3,63,37,1,1,45,4,9,0,1,0,1,1,0,974.15,0,2383.1,820,0,1,1,0,1,0,0,0,0,1,0,2
3,45,27,1,3,39,3,2,0,0,0,0,0,0,583.9,0,0,0,0,1,0,0,0,0,0,1,0,0,0,2
2,68,42,0,16,89,4,12,0,0,0,1,1,0,1759.6,0,2200.15,1020,0,1,0,0,1,0,0,0,0,1,0,2
1,6,29,1,4,19,2,5,0,1,0,0,0,0,25.25,0,0,0,0,0,0,0,0,0,0,0,0,0,0,1
1,68,57,1,33,15,2,0,0,1,1,0,1,1,1120.35,3330.85,0,1320,3229.2,1,1,1,1,1,1,1,1,1,1,4
3,72,68,1,26,59,2,36,1,1,1,1,1,1,4219.1,1818,2706.6,1335,3401.6,1,1,0,1,1,1,1,1,0,0,4
3,53,38,1,15,20,3,6,0,1,0,0,1,1,547.05,0,0,545,1048.4,1,0,0,1,0,1,1,0,1,0,2
3,20,51,1,11,27,4,6,0,0,1,0,1,0,182.95,490.25,0,215,0,0,0,0,0,1,1,1,1,1,0,3
2,70,35,1,4,48,2,9,0,0,0,0,1,0,3040.8,0,0,2020,0,1,0,0,0,0,0,0,1,0,0,2
3,32,47,0,25,135,2,6,0,1,0,0,0,0,353,0,0,0,0,0,0,0,1,0,0,0,0,0,0,1
2,61,52,1,23,19,1,0,0,0,1,1,1,0,1037.65,1568.4,1758.4,570,0,1,0,0,0,1,1,1,1,0,1,3
1,24,25,1,3,28,4,0,0,0,0,1,1,1,267.3,0,920.15,530,533.85,1,0,1,1,0,0,0,0,1,0,2
2,56,61,1,14,12,1,16,1,1,0,0,1,0,881.65,0,0,595,0,0,0,0,0,0,0,0,0,0,0,1
3,54,59,0,28,28,2,15,0,0,0,1,1,1,638.55,0,1717.7,290,894.1,1,0,0,1,1,0,0,1,0,0,2
3,43,38,1,7,18,3,8,0,1,0,1,0,1,411.15,0,1758.7,0,1159.3,1,1,1,1,1,1,0,0,0,0,4
1,19,35,0,7,58,3,5,0,1,1,1,1,1,65.15,690.85,742.95,385,741.65,1,1,1,1,1,1,1,1,0,1,4
3,5,43,0,16,72,3,17,0,1,1,0,1,0,23.9,62.25,0,25,0,0,0,0,0,1,1,1,1,0,0,3
1,24,61,1,6,112,4,3,0,1,0,0,1,0,210.25,0,0,265,0,0,0,0,1,0,0,0,0,1,1,1
3,62,35,1,2,28,2,8,0,1,0,0,1,0,1152.7,0,0,1150,0,1,0,0,0,0,0,0,0,0,0,2
2,14,40,0,13,398,5,11,0,1,1,1,1,1,71,259,597.8,295,644.35,1,1,1,1,1,1,1,1,1,1,4
3,60,48,1,22,106,3,21,0,1,1,0,1,1,760.95,2601.85,0,1050,4154.55,1,1,1,0,1,1,1,1,0,0,4
2,30,74,1,12,10,1,3,1,1,1,0,1,0,225.3,906,0,585,0,0,0,0,0,1,1,1,1,0,0,3
1,40,42,1,16,108,3,17,0,0,0,1,0,0,205.65,0,1151.35,0,0,1,0,0,1,0,0,0,0,1,1,2
2,42,50,1,17,85,2,15,0,1,0,0,1,0,567.95,0,0,485,0,0,0,0,0,0,0,0,0,0,0,1
1,20,34,0,14,51,3,9,0,1,0,0,0,0,126.4,0,0,0,0,1,0,0,1,0,0,0,0,0,1,2
1,4,22,1,1,22,2,2,0,1,0,0,1,0,8,0,0,85,0,0,0,0,0,1,0,1,1,0,0,3
2,44,49,1,2,66,2,8,0,1,1,0,1,1,184.9,1980.05,0,1655,1655.9,1,1,1,0,1,1,1,1,0,0,4
3,49,63,0,18,10,2,2,1,0,1,0,1,0,668.95,1624.6,0,615,0,0,0,0,0,1,1,1,1,0,0,3
3,5,36,1,2,34,1,4,0,1,1,0,0,0,14.2,105.9,0,0,0,0,0,0,0,1,0,1,1,0,1,3
3,70,50,1,29,67,1,22,0,0,0,0,1,0,3438.4,0,0,1075,0,1,0,0,0,0,0,0,0,0,0,2
1,30,57,1,16,19,1,1,0,0,0,0,1,0,200.1,0,0,285,0,0,0,0,0,0,0,0,0,0,1,1
2,28,48,0,20,128,4,4,0,1,1,1,1,1,313.05,590.9,1481.35,710,1424.2,0,1,1,1,1,1,1,1,1,1,4
1,5,28,1,3,39,5,1,0,0,1,1,1,1,30.75,131.9,184.25,60,106.2,1,1,1,1,1,1,1,1,0,0,4
2,27,35,0,12,56,1,3,0,1,1,1,1,1,202.55,897.95,903.25,205,805.95,0,1,1,0,1,1,1,1,1,0,4
2,17,39,0,12,45,4,10,0,1,0,1,0,0,133.1,0,450.2,0,0,0,0,0,0,0,0,0,0,1,1,1
1,4,37,1,8,25,1,1,0,1,0,0,0,0,9.15,0,0,0,0,0,0,0,0,0,0,0,0,0,0,1
1,30,23,1,0,24,2,1,0,1,1,0,0,0,397.4,636.35,0,0,0,0,0,0,1,1,1,0,1,0,0,3
3,71,40,1,19,53,4,14,0,1,1,0,1,1,781.7,2912.3,0,2030,2590.65,1,0,1,1,1,1,1,1,0,0,4
3,67,77,0,55,49,1,45,1,1,0,0,1,0,1692,0,0,1755,0,0,0,0,0,0,1,0,0,0,0,1
3,24,48,1,3,38,1,16,0,1,0,0,1,0,133.4,0,0,265,0,0,0,0,0,0,0,0,0,0,0,1
1,24,54,1,7,84,3,10,0,1,0,1,1,0,288.05,0,675.4,220,0,0,0,0,1,0,0,0,0,1,1,1
2,59,54,0,32,126,1,22,0,1,1,0,1,0,796.4,1625.1,0,660,0,0,0,0,0,1,1,1,1,0,0,3
3,59,32,0,9,73,4,5,0,0,1,0,1,0,1726.6,1231.9,0,655,0,1,0,0,0,1,1,0,0,1,1,2
3,44,37,1,1,41,4,8,0,1,0,0,0,0,387.95,0,0,0,0,1,1,0,1,0,0,0,0,1,0,2
1,19,31,1,0,22,4,2,0,0,0,0,0,0,88.9,0,0,0,0,1,0,0,0,0,0,0,0,0,1,2
2,58,46,1,23,23,1,2,0,1,0,1,1,0,620.75,0,1471.4,625,0,0,0,0,1,0,0,0,0,0,0,1
1,41,53,1,22,94,2,25,0,0,0,0,1,0,488.15,0,0,500,0,1,0,0,0,0,0,0,1,0,0,2
2,16,33,0,1,30,3,7,0,0,1,1,1,1,138.5,282.3,634.1,265,595.3,0,1,0,0,1,1,1,1,0,1,3
3,13,36,0,11,31,2,0,0,0,0,0,0,0,30.5,0,0,0,0,0,0,0,0,0,0,0,1,0,1,1
1,60,53,0,22,171,1,37,0,1,1,0,1,0,608.65,1972.1,0,1070,0,0,0,0,0,1,1,1,1,0,0,3
2,72,49,1,23,102,1,27,0,1,0,0,1,0,3098.55,0,0,2345,0,1,0,0,0,0,0,0,0,0,0,2
2,33,39,0,17,27,4,3,0,1,1,1,1,1,294.8,680.3,1342.05,255,2019.75,1,1,1,1,0,1,0,0,1,0,4
2,72,45,1,25,98,4,20,0,1,0,0,1,1,2182.65,0,0,900,2940.35,1,1,1,0,1,1,1,1,0,0,4
1,66,54,1,8,591,4,25,0,1,1,1,1,1,1636.25,2242.55,2816.25,1005,3538.5,1,1,1,0,1,1,1,1,0,0,4
3,53,37,1,7,25,1,2,0,1,1,0,1,0,291.5,2794.95,0,1660,0,0,0,0,0,1,1,1,1,0,0,3
2,22,28,1,0,36,4,0,0,0,1,1,1,1,220.75,480.1,857.2,175,883.2,1,0,1,1,1,1,1,1,1,0,4
2,14,26,1,1,25,2,0,0,1,0,0,0,0,71.2,0,0,0,0,0,0,0,0,1,0,1,0,0,0,3
1,52,49,0,18,69,2,13,0,1,0,0,1,1,893.25,0,0,935,1711.7,0,0,0,0,1,1,1,1,0,0,3
3,33,30,1,5,22,1,0,0,0,1,0,1,1,211.05,1129.25,0,1215,946.8,0,0,1,0,1,1,1,1,0,0,3
3,72,66,0,26,67,2,37,1,1,1,0,1,0,2743.65,4748.45,0,2830,0,1,0,0,0,1,1,1,1,0,0,3
1,40,40,1,3,73,4,12,0,1,0,0,1,1,376.6,0,0,555,1035.5,1,1,0,0,1,1,1,1,0,1,3
2,29,26,0,1,22,4,2,0,1,0,1,1,1,175.3,0,1265.65,710,965.9,1,1,1,1,1,0,1,1,1,1,4
3,63,67,0,22,9,2,12,1,0,0,0,1,0,1140.2,0,0,1135,0,0,0,0,0,1,1,1,1,0,0,3
2,56,54,0,25,147,3,31,0,1,1,1,1,1,763.1,1348.15,2108.1,1310,1848.85,1,0,1,1,1,0,0,0,1,0,2
3,60,50,1,26,239,2,19,0,1,1,0,1,1,1377,4628.5,0,570,3756.15,0,1,1,0,1,1,1,1,0,0,4
3,28,22,1,3,23,3,1,0,0,0,0,0,0,263.95,0,0,0,0,0,0,0,0,1,0,0,0,1,0,1
2,39,39,0,19,29,4,6,0,0,0,0,1,0,227.85,0,0,835,0,1,0,0,1,0,0,0,1,0,0,2
3,65,39,1,18,32,2,15,0,0,0,0,1,0,1432.8,0,0,585,0,0,0,0,0,1,0,1,0,0,0,3
3,29,31,0,7,30,3,7,0,1,1,0,1,0,240.85,937.85,0,395,0,0,0,1,0,1,1,1,1,0,0,3
3,28,36,0,8,57,2,13,0,1,1,0,1,0,272.85,607.95,0,435,0,0,0,0,0,1,1,1,1,0,0,3
1,2,18,0,0,20,2,0,0,0,1,0,1,1,4.45,44.65,0,15,25.65,0,0,1,0,1,1,1,1,0,1,3
3,67,52,0,13,248,2,20,0,1,1,1,1,0,2368.9,2522.75,2170.85,1435,0,1,0,0,0,1,0,1,1,0,0,3
3,5,35,1,9,59,3,8,0,1,1,1,1,1,21.45,114.8,140.35,120,109.6,0,0,1,1,1,1,0,0,1,0,4
3,48,35,0,10,24,2,6,0,0,1,0,1,0,874.45,2007.4,0,1270,0,0,0,0,0,1,0,1,1,0,0,3
2,10,26,1,4,25,1,4,0,1,0,0,0,0,38.2,0,0,0,0,0,0,0,0,0,0,0,0,0,0,1
2,17,28,0,3,37,3,2,0,1,0,0,0,0,84.25,0,0,0,0,1,0,0,0,0,0,1,1,0,1,3
1,21,24,1,0,30,4,0,0,1,1,1,1,1,374.05,513.65,738.9,205,642.2,1,1,0,1,0,1,1,0,1,0,4
2,25,51,0,9,66,4,13,0,0,1,1,1,1,140.85,415.55,1202.65,790,828.25,1,1,1,1,1,1,1,1,1,0,4
3,44,31,0,8,16,1,3,0,0,0,0,1,0,632.95,0,0,490,0,0,0,0,0,0,0,0,0,0,1,1
2,59,49,0,28,429,4,23,0,1,1,1,1,1,592.2,1524.8,2444.7,885,2450.9,1,0,1,0,1,0,1,1,1,1,4
2,11,26,0,7,20,2,4,0,0,0,0,0,0,84.05,0,0,0,0,0,0,0,0,0,0,0,0,0,0,1
2,50,68,1,32,262,3,28,0,0,1,1,1,1,601.1,993.65,2025.25,870,1217.35,0,0,0,1,1,0,1,1,1,0,3
3,23,25,1,2,28,3,1,0,1,0,0,0,0,94.25,0,0,0,0,1,0,0,0,0,0,0,0,0,0,2
1,17,19,0,0,18,2,0,0,1,0,1,0,0,120.35,0,401.8,0,0,1,0,0,1,0,0,0,0,1,1,2
1,15,62,1,3,144,3,21,0,0,1,0,1,1,81.05,237.9,0,490,446.1,0,1,0,0,1,1,1,1,0,0,3
2,68,57,1,38,33,1,9,0,1,0,0,1,0,901,0,0,1240,0,1,0,0,0,0,0,0,0,0,0,2
1,69,42,1,23,19,3,0,0,1,0,1,1,0,1812.15,0,2630.5,1270,0,0,0,0,1,0,0,0,0,1,0,1
1,30,24,1,3,30,1,7,0,1,0,0,0,0,171.75,0,0,0,0,0,0,0,0,0,0,0,0,0,1,1
3,22,30,0,8,41,2,8,0,0,1,0,1,1,119.95,441.25,0,290,467.05,0,1,0,0,1,1,0,1,0,0,3
2,10,20,1,1,20,2,0,0,1,0,0,0,0,48.95,0,0,0,0,0,0,0,0,0,0,0,0,0,1,1
1,72,59,1,12,65,3,21,0,1,0,1,1,0,2519.3,0,2583.9,2910,0,1,0,0,0,1,0,0,0,0,0,2
2,34,24,1,5,17,4,0,0,1,0,0,1,0,522.45,0,0,150,0,0,0,0,0,1,0,0,1,0,0,3
2,43,49,1,18,66,1,22,0,0,0,0,1,0,376.7,0,0,875,0,1,0,0,0,0,1,0,1,0,0,3
3,31,37,1,15,18,4,5,0,0,1,1,1,1,151.7,611.1,1457.95,460,1170.3,0,1,1,1,1,0,1,0,1,0,4
2,6,27,1,5,26,4,2,0,0,1,0,0,0,30.35,72.5,0,0,0,0,0,0,0,0,0,0,0,0,1,1
2,48,42,0,21,46,4,4,0,0,0,0,1,0,618.1,0,0,1935,0,0,0,0,0,0,1,1,0,0,0,3
2,50,25,0,6,19,1,5,0,0,0,0,1,0,356.15,0,0,375,0,0,0,0,0,0,0,0,0,0,0,1
3,20,41,1,19,58,2,6,0,1,0,0,0,0,98.2,0,0,0,0,1,0,0,0,0,0,0,0,0,0,2
3,61,73,0,10,25,1,21,1,0,0,0,1,0,965.6,0,0,4350,0,0,0,0,0,0,0,0,0,0,0,1
2,6,21,0,0,15,2,1,0,1,0,0,0,0,19.4,0,0,0,0,0,0,0,0,0,0,0,0,0,0,1
2,1,22,0,2,35,2,2,0,0,0,0,0,0,1.65,0,0,0,0,0,0,0,1,0,0,0,0,1,1,1
1,21,43,0,13,41,2,1,0,1,1,1,1,1,118.15,497.15,878.6,195,763.5,1,1,1,1,1,1,1,1,1,1,4
3,7,32,0,1,71,4,3,0,0,1,1,0,1,19.1,122.1,245.65,0,157.15,1,0,1,1,1,1,1,1,1,0,4
3,65,56,1,19,608,3,34,0,1,1,0,1,1,964.85,4584.8,0,1300,4325.6,0,1,1,0,1,1,1,1,0,0,4
1,64,37,0,10,44,4,9,0,1,0,1,1,0,965.3,0,2337.25,1350,0,1,1,0,0,0,0,1,0,1,0,2
3,4,30,0,0,41,2,0,0,0,0,0,0,0,9.9,0,0,0,0,0,0,0,0,1,1,1,0,0,1,3
1,67,45,1,22,83,3,11,0,1,0,0,1,0,1724.8,0,0,640,0,1,0,0,0,0,0,1,0,1,0,2
2,22,35,0,12,28,2,3,0,0,0,0,0,0,180.55,0,0,0,0,1,0,1,1,0,0,0,0,0,1,2
3,51,37,1,17,101,2,10,0,1,0,0,1,0,736.85,0,0,480,0,1,0,0,0,0,1,1,0,0,0,3
1,50,28,0,6,28,1,10,0,1,1,1,1,1,330.95,851.7,1869.4,600,997,1,0,0,0,0,1,1,1,0,0,3
1,31,47,1,18,35,2,0,0,0,0,0,0,0,390.6,0,0,0,0,0,0,0,0,0,0,0,0,0,0,1
3,4,28,0,0,39,2,3,0,1,1,0,1,0,23.8,70.45,0,25,0,0,0,0,0,1,1,1,0,0,1,3
3,60,56,0,19,51,4,11,0,0,0,1,1,1,873.7,0,3404.1,1630,4046.25,1,1,1,1,1,1,1,1,1,0,4
3,7,31,1,12,31,2,7,0,1,0,0,0,0,38.05,0,0,0,0,0,0,0,0,0,0,0,0,1,1,1
3,20,40,0,2,209,4,15,0,1,0,0,1,0,172.1,0,0,80,0,1,0,0,0,0,0,0,0,1,0,2
2,19,23,1,4,37,3,1,0,1,1,1,0,0,136.05,302.5,446,0,0,0,0,0,0,1,1,0,1,0,1,3
3,58,37,1,5,64,4,8,0,1,1,1,1,1,634.75,3525.55,3521.45,2305,6444.95,1,1,1,1,1,1,1,1,1,1,4
3,65,64,0,20,88,3,26,0,1,1,1,1,1,1017.9,2202.45,2534.25,1620,3242.75,1,1,1,1,1,1,1,1,1,1,4
3,72,61,1,34,61,1,8,0,0,0,0,1,0,1980.15,0,0,895,0,1,0,0,0,0,0,0,0,0,0,2
3,8,42,0,3,66,3,10,0,0,0,0,1,1,16.85,0,0,185,157.55,0,1,0,1,1,1,1,1,1,0,4
2,33,40,1,14,19,3,5,0,0,0,0,1,0,178.9,0,0,315,0,0,0,0,0,0,0,0,0,0,0,1
3,18,34,1,4,42,2,14,0,1,1,0,1,0,104.05,318.75,0,240,0,0,1,1,0,1,1,1,1,0,0,4
2,24,31,1,6,41,2,13,0,0,1,0,1,0,196.8,480.7,0,275,0,0,0,0,0,1,1,1,0,0,0,3
3,70,36,0,8,50,1,15,0,1,0,0,1,0,1407.15,0,0,1370,0,1,0,0,0,0,0,0,0,0,0,2
1,7,38,0,4,70,4,4,0,0,1,1,1,1,26.65,127.5,250.3,40,129.55,1,1,1,1,0,1,0,0,1,1,4
3,70,59,0,27,85,1,19,0,1,1,0,1,0,2711,4387.3,0,4220,0,0,0,0,0,1,1,1,1,0,0,3
2,20,48,1,21,45,3,2,0,1,1,0,1,1,192.15,645.65,0,480,528.3,1,1,0,0,1,1,1,1,0,1,3
3,54,32,1,12,27,1,9,0,0,0,0,1,0,1801.3,0,0,1300,0,1,0,0,0,0,0,0,0,0,0,2
3,36,48,0,28,29,1,2,0,0,0,0,0,0,222.8,0,0,0,0,0,0,0,0,0,0,0,0,0,0,1
3,71,53,1,29,48,4,0,0,1,1,0,1,0,2506.05,2074.75,0,2560,0,1,0,0,0,0,1,1,1,0,0,3
1,17,41,0,4,32,2,3,0,0,1,0,1,0,208,168,0,100,0,0,0,0,0,1,0,1,0,0,0,3
1,18,45,1,17,43,1,9,0,0,1,0,1,0,78.65,287.3,0,245,0,0,0,0,0,1,1,1,0,0,0,3
1,16,27,0,8,16,5,0,0,1,1,1,1,1,102.75,282.2,675.65,235,524.2,0,0,1,0,1,1,1,1,1,1,4
3,38,30,1,6,22,2,3,0,1,0,0,1,0,215.05,0,0,455,0,1,0,0,1,0,0,0,0,1,0,2
1,52,45,1,19,40,3,9,0,1,0,1,1,1,512.65,0,1793.9,705,1740.7,1,1,0,1,0,0,1,1,1,0,4
1,46,48,1,12,256,3,25,0,0,1,1,1,1,612.55,1449,1961.75,835,3064.75,1,1,1,1,1,1,1,1,0,0,4
2,31,46,0,23,144,4,13,0,0,1,0,1,0,271.55,501.15,0,290,0,0,0,0,1,1,1,1,0,1,0,3
2,23,31,0,10,45,4,0,0,0,1,0,0,0,119.5,275.05,0,0,0,1,0,0,1,0,0,0,0,1,0,2
2,38,56,1,34,34,2,0,0,1,0,0,0,1,272.75,0,0,0,888.45,1,0,0,1,1,1,1,1,0,0,3
2,50,54,0,15,248,3,28,0,1,1,0,1,1,497.9,833.85,0,270,1453.85,1,0,0,0,1,1,1,0,0,0,3
2,16,49,0,17,41,2,5,0,0,1,1,0,1,62.45,260.05,620,0,521.35,0,1,1,1,0,0,1,0,0,0,4
2,14,34,1,4,27,4,1,0,1,1,1,1,1,90.2,313.8,454.45,260,474,0,1,1,1,1,0,1,1,1,0,4
2,30,52,0,23,17,3,3,0,1,0,1,1,0,367.4,0,1106.4,420,0,1,0,0,1,0,0,0,0,0,1,2
3,22,47,1,0,44,4,11,0,1,1,1,1,1,194.55,466.9,1053.1,1220,1264.05,1,1,1,1,1,1,1,1,1,1,4
1,38,55,1,12,135,2,24,0,0,1,0,1,0,467.75,1167.65,0,595,0,1,1,1,1,1,1,1,1,1,0,4
3,59,26,1,3,41,4,1,0,1,0,1,1,1,804,0,2099.25,2710,1707.1,1,0,0,1,0,0,0,0,0,1,2
2,54,55,0,1,587,3,33,0,0,0,0,0,0,650.85,0,0,0,0,0,1,0,0,1,1,1,1,0,0,3
3,9,40,0,13,38,4,7,0,1,1,1,1,1,37.7,179.8,329.05,125,482.1,0,1,1,1,1,1,1,1,1,1,4
1,67,67,1,38,49,2,10,0,1,0,1,1,0,924.55,0,1963.25,1675,0,1,0,0,1,0,0,0,0,1,0,2
2,24,44,0,19,33,3,0,0,1,0,1,0,0,100.95,0,568.2,0,0,0,0,0,0,0,0,0,1,1,0,1
2,12,55,1,13,36,1,5,0,1,0,1,0,0,73.35,0,300.75,0,0,1,0,0,1,0,0,0,0,0,1,2
1,26,47,0,13,54,3,0,0,0,1,1,1,1,205.4,484.9,946.85,435,547.75,1,1,0,1,0,0,0,1,1,0,2
2,3,32,0,4,58,2,11,0,0,1,1,1,1,5.7,49.65,50.5,15,67.7,1,1,1,0,0,0,1,0,1,1,4
2,20,46,0,2,23,5,4,0,1,0,0,0,0,82.3,0,0,0,0,1,1,0,1,1,1,1,0,1,0,4
3,5,52,1,0,97,5,9,0,0,1,1,1,1,12.9,83,127.35,115,162.75,0,1,1,1,1,1,1,1,0,1,4
3,58,53,0,19,207,3,12,0,1,1,1,1,1,447.15,1653.9,2986.65,1250,3613.3,1,1,1,1,1,1,1,1,1,1,4
1,54,28,1,2,21,3,3,0,0,0,0,1,0,567.55,0,0,1395,0,0,0,0,0,0,0,0,0,0,0,1
2,52,39,0,6,119,3,18,0,1,1,0,1,0,556.5,1280.9,0,450,0,0,0,1,0,0,0,0,0,1,0,1
2,38,30,1,10,25,1,5,0,1,0,0,1,0,179.75,0,0,430,0,0,0,0,0,0,0,0,0,0,0,1
2,19,46,0,5,59,3,17,0,0,1,0,0,0,97.25,191.25,0,0,0,0,0,0,0,1,0,0,1,0,0,1
2,22,33,1,2,24,1,3,0,0,0,0,0,0,153.4,0,0,0,0,0,0,0,0,0,0,0,0,1,0,1
1,49,35,1,15,113,4,4,0,0,0,0,0,0,818.45,0,0,0,0,1,0,0,0,0,0,0,0,1,0,2
3,5,39,0,0,22,1,0,0,1,1,0,1,0,32.95,106.85,0,30,0,0,0,0,0,1,1,1,1,0,0,3
2,18,69,0,28,11,1,17,1,0,0,0,0,0,62.75,0,0,0,0,0,0,0,0,0,0,0,0,0,0,1
3,43,29,0,4,33,1,13,0,1,1,0,1,1,1042.95,830.75,0,345,1124.25,1,0,0,0,1,1,1,1,0,0,3
3,17,50,0,2,205,5,19,0,0,1,1,0,1,121.45,371.2,523.75,0,620.3,1,1,1,1,0,1,1,1,1,1,4
2,37,33,0,4,41,3,8,0,1,0,1,0,0,347.1,0,1158.9,0,0,1,0,0,0,1,0,0,0,1,1,2
2,8,39,0,0,39,1,7,0,1,1,0,0,0,29.05,83.55,0,0,0,0,0,0,0,0,0,0,0,0,0,1
2,51,46,1,8,107,2,21,0,1,1,0,1,1,840,1396.75,0,1155,1832.25,1,0,1,0,1,1,1,1,0,0,3
1,71,55,1,11,198,1,31,0,1,1,0,1,0,1218,3058.5,0,2305,0,1,1,0,0,1,1,1,1,0,0,3
1,56,53,1,23,100,5,14,0,1,0,1,1,0,752.9,0,1988.65,560,0,1,1,0,1,0,0,0,0,1,0,2
3,70,68,0,21,1131,2,45,0,0,1,0,1,1,1104.4,3926.65,0,990,2798.25,1,0,1,0,1,1,1,1,0,0,3
1,62,53,0,14,360,3,26,0,1,1,0,1,0,1892.85,3232.05,0,890,0,1,0,0,0,1,1,1,1,0,0,3
1,50,52,1,22,162,2,27,0,1,1,1,1,1,599.05,1238.2,2498.35,725,2032.3,1,1,1,0,1,1,1,1,1,0,4
3,1,31,0,3,29,5,2,0,1,0,1,0,0,1.45,0,25.25,0,0,0,0,0,1,0,0,0,0,1,1,1
3,15,26,0,1,38,4,1,0,0,0,1,0,0,91.7,0,483.5,0,0,1,1,0,1,1,0,1,0,1,1,4
3,72,55,1,24,82,3,25,0,1,0,1,1,0,4333,0,2477.1,4915,0,1,0,0,0,1,1,0,0,1,0,2
2,69,47,1,10,159,2,24,0,0,0,0,1,0,1714.7,0,0,2470,0,0,0,0,0,1,0,1,0,0,1,3
2,32,44,0,10,201,2,24,0,0,1,0,1,0,237.85,895.05,0,595,0,0,0,1,0,1,1,1,1,0,0,3
1,19,25,1,6,27,4,0,0,1,1,0,1,0,172.55,398.95,0,620,0,0,1,0,0,1,1,1,1,0,1,3
2,42,54,0,19,57,3,10,0,1,0,1,1,1,356.45,0,1872.7,415,1932.35,1,1,0,1,1,0,0,1,1,0,4
3,51,49,0,29,45,1,16,0,0,0,0,1,0,815.05,0,0,400,0,0,0,0,0,0,1,0,0,0,0,1
2,32,22,1,2,17,2,2,0,1,1,0,1,0,157.25,952.9,0,600,0,0,1,0,0,1,1,1,1,0,1,3
3,26,55,1,13,61,1,26,0,0,1,0,1,0,102.45,729.15,0,300,0,0,0,0,0,1,1,1,1,0,0,3
2,39,44,1,14,418,4,18,0,0,1,0,1,0,269,1046.2,0,640,0,0,1,1,0,1,1,1,1,0,0,4
2,72,53,0,12,152,2,32,0,1,1,0,1,1,3115,3669,0,1315,3120.35,1,0,1,1,1,1,1,0,0,0,4
2,4,39,0,11,38,4,1,0,0,1,0,1,1,9.35,103.45,0,40,76.9,0,1,1,1,1,1,1,1,0,1,4
2,54,50,1,5,151,4,20,0,0,1,0,1,1,1248.25,2030.2,0,1355,1121.05,1,0,0,0,1,1,1,1,0,0,3
1,34,40,1,21,23,4,9,0,1,1,1,1,1,207.7,805.85,1498.85,540,1257.7,1,0,1,1,1,1,1,1,1,0,4
1,20,25,1,4,33,4,0,0,1,1,0,1,1,115.65,288.75,0,365,511.25,0,0,0,1,1,0,1,0,1,0,1
3,14,49,0,4,26,1,8,0,0,0,0,1,0,86.7,0,0,180,0,0,0,0,0,0,0,0,0,0,0,1
1,61,59,0,26,89,1,40,1,1,1,0,1,0,988.8,2166.8,0,1805,0,0,0,0,0,1,1,0,1,0,0,3
2,4,24,0,2,25,4,0,0,0,0,0,1,0,12.4,0,0,35,0,0,1,0,1,0,1,0,0,0,1,1
3,16,48,0,25,59,2,13,0,0,1,0,1,0,104.9,349.4,0,180,0,0,0,0,0,1,1,1,1,0,1,3
1,13,41,0,9,55,2,12,0,1,0,0,0,0,55.65,0,0,0,0,0,0,0,0,0,0,0,0,1,0,1
2,53,37,1,18,25,3,6,0,1,0,1,1,0,558.15,0,1533.1,1170,0,1,0,0,1,0,0,0,0,1,1,2
2,58,36,1,13,39,2,8,0,1,1,0,1,1,933.1,2355.4,0,3145,3247.95,1,1,1,1,1,1,1,1,1,1,4
2,25,38,1,19,56,1,19,0,1,0,1,1,1,290.25,0,732.95,770,578.45,0,1,0,0,1,0,0,1,0,0,3
1,71,61,1,19,155,3,30,0,0,1,0,1,0,1684.05,1935.15,0,1030,0,1,0,0,0,1,1,1,1,0,0,3
1,22,33,1,13,119,5,0,0,1,1,1,0,1,88.5,520.45,1013.3,0,1230.7,1,1,1,1,1,1,0,1,1,1,4
1,46,48,1,15,64,3,20,0,0,1,1,1,1,393.55,1316.7,1832,510,948.75,0,0,0,0,1,1,1,1,1,0,3
3,66,50,1,2,333,5,24,0,0,0,0,1,0,659.55,0,0,975,0,1,0,1,1,0,0,0,0,0,0,2
1,69,58,1,29,26,2,7,0,1,1,1,1,1,2321.8,2378.2,3649.6,2055,3475.45,1,1,1,1,1,1,1,1,0,0,4
2,38,49,1,3,33,4,11,0,0,0,1,0,1,285.55,0,1642.15,0,954,1,0,0,1,0,1,0,1,1,0,2
3,16,35,0,7,46,3,3,0,0,0,1,0,0,74.1,0,434.15,0,0,0,0,0,0,0,0,0,0,1,0,1
3,44,39,1,8,41,2,8,0,0,1,0,1,0,353.3,638.25,0,490,0,0,1,1,1,1,1,1,1,1,0,4
1,50,50,0,24,31,1,8,0,0,0,0,1,0,540.5,0,0,1355,0,0,0,0,0,0,0,1,1,0,0,3
3,10,23,0,1,29,4,0,0,1,1,1,1,1,62.1,323.8,420.55,285,416,1,1,1,1,1,1,1,1,1,0,4
2,7,41,0,6,94,2,16,0,0,1,1,1,1,27.95,218.9,256.3,65,237.25,1,1,1,0,1,1,1,1,1,0,4
3,71,48,0,25,288,3,19,0,0,0,0,1,0,2123.6,0,0,1305,0,0,0,0,0,0,0,1,0,0,0,1
3,16,39,1,5,31,1,4,0,1,0,0,0,0,69.6,0,0,0,0,0,0,0,0,0,0,0,0,0,0,1
3,6,20,0,0,25,2,0,0,1,1,0,1,0,19.3,114.4,0,95,0,0,0,0,0,1,1,1,1,0,0,3
2,46,55,0,24,269,2,35,0,0,1,0,1,0,449.7,1829.75,0,775,0,0,0,1,0,1,1,1,1,0,0,3
3,51,49,1,13,203,3,27,0,0,1,0,1,0,961.9,1125.25,0,1075,0,0,1,0,0,1,1,1,1,0,0,3
3,5,34,0,12,22,2,2,0,0,1,1,0,1,16.1,46.7,143.65,0,86.15,0,1,0,0,0,1,1,0,1,1,1
2,49,54,1,23,25,2,1,0,1,0,0,1,0,719.5,0,0,1980,0,0,0,0,0,0,0,0,0,0,0,1
3,49,51,1,14,222,5,16,0,0,0,0,0,0,575.6,0,0,0,0,1,0,0,1,0,1,0,0,1,0,2
1,26,30,1,4,76,3,7,0,0,0,1,0,0,214.7,0,697.05,0,0,0,0,1,0,0,0,0,0,1,0,1
3,22,39,0,4,55,2,17,0,1,1,0,1,1,81.55,908.35,0,290,1147.4,0,1,1,1,1,1,1,1,1,1,4
3,51,45,1,4,46,3,6,0,0,1,1,1,1,1082.4,1711.75,2496.35,1600,2353.35,1,1,1,1,1,1,1,1,0,0,4
1,19,27,1,7,56,4,1,0,0,0,1,1,1,97.85,0,804.35,445,692.95,1,1,1,1,1,1,1,1,1,1,4
1,9,36,0,1,79,3,11,0,1,1,1,1,1,44.55,246,246.85,230,186.8,0,1,0,0,1,1,1,1,0,1,3
3,15,25,1,0,51,3,2,0,1,0,0,0,0,45.35,0,0,0,0,0,0,0,0,0,0,0,0,0,0,1
2,57,63,0,19,61,1,27,0,0,1,0,1,0,767.75,2239.7,0,1880,0,0,0,0,0,1,1,1,1,0,0,3
3,48,45,0,15,41,1,10,0,1,0,0,0,0,445.7,0,0,0,0,0,0,0,0,0,0,0,0,0,0,1
2,9,53,1,20,50,2,13,0,1,0,1,0,0,22,0,196.15,0,0,0,0,0,0,0,0,0,0,1,1,1
1,61,52,0,21,82,1,18,0,0,0,0,1,0,751.75,0,0,910,0,0,0,0,0,1,0,1,1,0,0,3
3,72,53,0,34,108,1,23,0,0,1,0,1,1,2361.35,2535.4,0,1060,2886.05,1,0,0,0,1,1,1,1,0,0,3
3,57,60,0,20,14,2,27,1,1,1,0,1,0,938.65,822.35,0,630,0,0,0,0,0,0,1,1,1,0,0,3
2,57,51,0,10,46,1,13,0,0,0,0,1,0,901.05,0,0,395,0,1,0,0,1,0,0,0,1,0,0,2
1,37,60,1,0,46,1,20,0,0,1,0,1,0,293.65,1377.85,0,785,0,0,0,0,0,1,1,1,1,0,0,3
3,45,51,0,13,146,4,16,0,0,0,0,1,0,869.75,0,0,1640,0,0,0,0,0,0,0,0,0,1,0,1
3,45,39,1,15,36,1,11,0,1,0,0,1,0,736.75,0,0,615,0,0,0,0,1,0,0,0,0,0,0,1
2,55,44,0,24,83,1,23,0,1,1,0,1,0,973.1,1343.5,0,720,0,0,0,0,0,0,0,1,1,0,0,3
2,24,27,0,2,17,3,3,0,0,1,0,0,0,89,462.25,0,0,0,1,1,0,0,0,1,0,0,0,1,2
3,1,20,0,1,18,3,0,0,0,0,1,0,1,4.2,0,34.05,0,16.85,0,1,0,1,0,0,0,1,1,1,1
2,34,23,1,3,24,1,7,0,1,1,0,1,0,203.25,959.4,0,435,0,0,0,0,0,0,1,1,1,0,0,3
3,14,37,1,5,48,3,1,0,1,1,0,0,0,78.2,230.35,0,0,0,0,0,0,0,0,0,0,0,0,0,1
3,6,32,0,10,47,1,10,0,0,1,0,1,0,29.9,128.45,0,80,0,0,0,0,0,1,1,1,1,0,0,3
3,24,30,0,0,25,4,5,0,0,1,0,1,1,186.6,1152.9,0,780,1542.9,0,1,1,1,1,1,1,1,1,1,4
2,3,26,1,6,59,4,0,0,1,1,1,1,1,2.7,80.5,66.55,10,29.7,0,1,1,0,1,0,1,1,0,1,4
1,4,30,0,1,45,4,6,0,0,0,1,1,0,8.85,0,116.2,80,0,0,1,0,1,1,0,1,1,1,1,4
1,72,40,1,19,163,4,15,0,0,1,0,1,0,2914,2176.85,0,1070,0,1,0,0,0,0,0,0,1,1,0,2
1,44,56,0,4,63,2,6,0,1,1,0,0,0,342.2,861.95,0,0,0,1,0,0,0,1,1,0,0,0,1,3
1,50,43,0,6,27,3,4,0,0,1,0,1,0,817.85,2320.25,0,2645,0,0,0,0,0,1,1,1,1,0,0,3
2,61,50,1,16,190,2,22,0,1,0,1,1,1,1063.15,0,2544.35,1600,2540.2,1,0,0,1,0,0,1,0,1,0,2
1,34,52,1,2,106,2,19,0,0,1,0,1,0,153.5,649.35,0,430,0,0,0,0,1,1,0,1,1,0,0,3
3,26,54,1,30,26,3,1,0,1,1,0,1,1,149.2,670.1,0,610,1004.35,0,0,1,0,1,1,1,1,1,1,4
1,15,46,1,17,63,5,1,0,0,1,1,0,1,40.55,207.35,547.95,0,475.3,1,1,1,1,1,0,1,1,1,1,4
3,10,39,0,0,27,3,0,0,1,0,1,0,0,32.25,0,265.95,0,0,0,0,0,0,0,0,0,0,1,0,1
1,7,34,0,2,22,5,5,0,1,0,1,0,0,29.35,0,179.1,0,0,0,0,0,0,0,0,0,0,0,0,1
3,67,59,0,40,944,5,33,0,1,1,1,1,1,1837.55,2117.65,3636.6,2360,4392.85,1,1,1,1,1,1,1,1,1,0,4
3,70,49,0,18,87,2,22,0,1,1,0,1,0,1841.85,2368.2,0,1705,0,0,1,0,0,1,1,1,1,0,0,3
3,50,36,1,7,39,3,3,0,1,0,1,1,0,665.4,0,1651.9,745,0,1,0,0,1,0,0,0,0,1,1,2
